Workbook

Sheet Atk Speed Calc
A1: DESKTOP ONLY. DO NOT ACCESS THIS CALCULATOR FROM MOBILE
A3: Patch 1.23.3.12 [Reshiram]
A4: Mewtwo Y | B4: 1 | C4: 2 | D4: 3 | E4: 4 | F4: 5 | G4: 6 | H4: 7 | I4: 8 | J4: 9 | K4: 10 | L4: 11 | M4: 12 | N4: 13 | O4: 14 | P4: 15
A5: Base Attack Speed | B5: {=INDEX('Base Atk Speed'!$A:$P,MATCH($A$4,'Base Atk Speed'!$A:$A,0),MATCH(B4,'Base Atk Speed'!1:1,0))} -> 10 | C5: {=INDEX('Base Atk Speed'!$A:$P,MATCH($A$4,'Base Atk Speed'!$A:$A,0),MATCH(C4,'Base Atk Speed'!1:1,0))} -> 11.42 | D5: {=INDEX('Base Atk Speed'!$A:$P,MATCH($A$4,'Base Atk Speed'!$A:$A,0),MATCH(D4,'Base Atk Speed'!1:1,0))} -> 12.99 | E5: {=INDEX('Base Atk Speed'!$A:$P,MATCH($A$4,'Base Atk Speed'!$A:$A,0),MATCH(E4,'Base Atk Speed'!1:1,0))} -> 14.71 | F5: {=INDEX('Base Atk Speed'!$A:$P,MATCH($A$4,'Base Atk Speed'!$A:$A,0),MATCH(F4,'Base Atk Speed'!1:1,0))} -> 16.6 | G5: {=INDEX('Base Atk Speed'!$A:$P,MATCH($A$4,'Base Atk Speed'!$A:$A,0),MATCH(G4,'Base Atk Speed'!1:1,0))} -> 18.68 | H5: {=INDEX('Base Atk Speed'!$A:$P,MATCH($A$4,'Base Atk Speed'!$A:$A,0),MATCH(H4,'Base Atk Speed'!1:1,0))} -> 20.97 | I5: {=INDEX('Base Atk Speed'!$A:$P,MATCH($A$4,'Base Atk Speed'!$A:$A,0),MATCH(I4,'Base Atk Speed'!1:1,0))} -> 23.49 | ... P5: {=INDEX('Base Atk Speed'!$A:$P,MATCH($A$4,'Base Atk Speed'!$A:$A,0),MATCH(P4,'Base Atk Speed'!1:1,0))} -> 49.99 | R5: DO NOT EVER PRESS DELETE KEY
A6: Additional Attack Speed | B6: =IF($G$9=TRUE,'Atk Speed Boosts'!$C$9,0) +IF($G$10=TRUE,'Atk Speed Boosts'!$C$10,0)+$G$11 +IF(AND($A$4="Absol",$I$9="Feint",$K$9=TRUE,B4<5),'Atk Speed Boosts'!$C$11,0) +IF(AND($A$4="Absol",$I$10="Night Slash",$K$10=TRUE,B4>4),'Atk Speed Boosts'!$C$12,0) +IF(AND($A$4="Absol",$I$11="Sucker Punch+",$K$11=TRUE,B4>12),'Atk Speed Boosts'!$C$13,0) +IF(AND($A$4="Aegislash",$I$9="Sword Stance",$K$9=TRUE,B4>6),'Atk Speed Boosts'!$C$14,0) +IF(AND($A$4="Aegislash",$I$10="Shield Stance",$K$10=TRUE,B4>6),'Atk Speed Boosts'!$C$15,0) +IF(AND($A$4="Aegislash",$I$11="Stance Change",$K$11=TRUE,B4>6),'Atk Speed Boosts'!$C$16,0) +IF(AND($A$4="Azumarill",$I$9="Aqua Tail",$K$9=TRUE,B4>3),'Atk Speed Boosts'!$C$20,0) +IF(AND($A$4="Blaziken",$I$9="Punch Style",$K$9=TRUE,OR(B4<5,B4>7)),'Atk Speed Boosts'!$C$22,0) +IF(AND($A$4="Buzzwole",$I$9="Beast Boost Assist",$K$9=TRUE),'Atk Speed Boosts'!$C$24,0) +IF(AND($A$4="Buzzwole",$I$10="Beast Boost KO",$K$10=TRUE),'Atk Speed Boosts'!$C$25,0) +IF(AND($A$4="Buzzwole",$I$11="Lunge",$K$11=TRUE,B4>6),'Atk Speed Boosts'!$C$26,0) +IF(AND($A$4="Ceruledge",$I$9="Take Down",$K$9=TRUE,B4<7),'Atk Speed Boosts'!$C$27,0) +IF(AND($A$4="Ceruledge",$I$10="Flame Charge",$K$10=TRUE,B4>6),'Atk Speed Boosts'!$C$28,0) +IF(AND($A$4="Cinderace",$I$9="Blaze",$K$9=TRUE),'Atk Speed Boosts'!$C$33,0) +IF(AND($A$4="Cinderace",$I$10="Blaze Kick+",$K$10=TRUE,B4>10),'Atk Speed Boosts'!$C$34,0) +IF(AND($A$4="Cinderace",$I$11="Unite Buff",$K$11=TRUE,B4>8),'Atk Speed Boosts'!$C$35,0) +IF(AND($A$4="Decidueye",$I$9="Auto Attack",$K$9=TRUE),'Atk Speed Boosts'!$C$41*$L$9,0) +IF(AND($A$4="Decidueye",$I$10="Leafage",$K$10=TRUE,B4<7),'Atk Speed Boosts'!$C$42,0) +IF(AND($A$4="Decidueye",$I$11="Razor Leaf",$K$11=TRUE,B4>6),'Atk Speed Boosts'!$C$43+'Atk Speed Boosts'!$D$43*(B4-1),0) +IF(AND($A$4="Dragapult",$I$9="Quick Attack",$K$9=TRUE,B4<5),'Atk Speed Boosts'!$C$47,0) +IF(AND($A$4="Dragapult",$I$10="Dragon Dance",$K$10=TRUE,B4>4),'Atk Speed Boosts'!$C$48,0) +IF(AND($A$4="Dragapult",$I$11="Phantom Force",$K$11=TRUE,B4>4),'Atk Speed Boosts'!$C$49,0) +IF(AND($A$4="Dragonite",$I$9="Dragon Dance",$K$9=TRUE,B4>4),'Atk Speed Boosts'!$C$50,0) +IF(AND($A$4="Dragonite",$I$10="Outrage",$K$10=TRUE,B4>7),'Atk Speed Boosts'!$C$51,0) +IF(AND($A$4="Dragonite",$I$11="Unite Buff",$K$11=TRUE,B4>8),'Atk Speed Boosts'!$C$52,0) +IF(AND($A$4="Duraludon",$I$9="Flash Cannon",$K$9=TRUE,B4>4),'Atk Speed Boosts'!$C$53-20*$L$9,0) +IF(AND($A$4="Duraludon",$I$10="Unite Buff",$K$10=TRUE,B4>8),'Atk Speed Boosts'!$C$54,0) +IF(AND($A$4="Empoleon",$I$9="Aqua Jet",$K$9=TRUE,B4>4),'Atk Speed Boosts'!$C$56,0) +IF(AND($A$4="Falinks",$I$9="Bulk Up",$K$9=TRUE,B4<6),'Atk Speed Boosts'!$C$58,0) +IF(AND($A$4="Feraligatr",$I$9="Crunch",$K$9=TRUE,B4<4),'Atk Speed Boosts'!$C$59,0) +IF(AND($A$4="Feraligatr",$I$9="Unite Buff",$K$9=TRUE,B4<8),'Atk Speed Boosts'!$C$60,0) +IF(AND($A$4="Garchomp",$I$9="Boosted Attack",$K$9=TRUE),'Atk Speed Boosts'!$C$61+'Atk Speed Boosts'!$D$61*(B4-1),0) +IF(AND($A$4="Garchomp",$I$10="Sand Attack",$K$10=TRUE,B4<5),'Atk Speed Boosts'!$C$62,0) +IF(AND($A$4="Glaceon",$I$9="Eevee Bond",$K$9=TRUE),'Atk Speed Boosts'!$C$65,0) +IF(AND($A$4="Glaceon",$I$10="Ice Shard",$K$10=TRUE,B4>5,B4<12),'Atk Speed Boosts'!$C$66,0) +IF(AND($A$4="Glaceon",$I$11="Ice Shard+",$K$11=TRUE,B4>11),'Atk Speed Boosts'!$C$67,0) +IF(AND($A$4="Glaceon",$I$12="Unite Buff",$K$12=TRUE,B4>7),'Atk Speed Boosts'!$C$68,0) +IF(AND($A$4="Greninja",$I$9="Unite Buff",$K$9=TRUE,B4>8),'Atk Speed Boosts'!$C$71,0) +IF(AND($A$4="Gyarados",$I$9="Evolution",$K$9=TRUE),'Atk Speed Boosts'!$C$72,0) +IF(AND($A$4="Gyarados",$I$10="Dragon Breath",$K$10=TRUE),'Atk Speed Boosts'!$C$73+'Atk Speed Boosts'!$D$73*$L$10,0) +IF(AND($A$4="Gyarados [Mega]",$I$9="Evolution",$K$9=TRUE),'Atk Speed Boosts'!$C$74,0) +IF(AND($A$4="Gyarados [Mega]",$I$10="Dragon Breath",$K$10=TRUE),'Atk Speed Boosts'!$C$75+'Atk Speed Boosts'!$D$75*$L$10,0) +IF(AND($A$4="Inteleon",$I$9="Unite Buff",$K$9=TRUE,B4>8),'Atk Speed Boosts'!$C$78,0) +IF(AND($A$4="Machamp",$I$9="Bulk Up",$K$9=TRUE,B4<5),'Atk Speed Boosts'!$C$85,0) +IF(AND($A$4="Machamp",$I$10="Submission",$K$10=TRUE,B4>4,B4<11),'Atk Speed Boosts'!$C$86,0) +IF(AND($A$4="Machamp",$I$11="Submission+",$K$11=TRUE,B4>10),'Atk Speed Boosts'!$C$87,0) +IF(AND($A$4="Machamp",$I$12="Unite Buff",$K$12=TRUE,B4>8),'Atk Speed Boosts'!$C$88,0) +IF(AND($A$4="Meowscarada",$I$9="Hone Claws",$K$9=TRUE,B4<7),'Atk Speed Boosts'!$C$91,0) +IF(AND($A$4="Meowscarada",$I$10="Trail Blaze",$K$10=TRUE,B4>6),'Atk Speed Boosts'!$C$92,0) +IF(AND($A$4="Mewtwo Y",$I$9="Pressure",$K$9=TRUE),'Atk Speed Boosts'!$C$97*$L$9,0) +IF(AND($A$4="Mewtwo Y",$I$10="Mega Evolution",$K$10=TRUE,B4>4),'Atk Speed Boosts'!$C$98,0) +IF(AND($A$4="Ninetales",$I$9="Aurora Veil",$K$9=TRUE,B4>5),'Atk Speed Boosts'!$C$103,0) +IF(AND($A$4="Pawmot",$I$9="Fighter Mode",$K$9=TRUE,B4>8),'Atk Speed Boosts'!$C$105*$L$9,0) +IF(AND($A$4="Pawmot",$I$10="Unite Buff",$K$10=TRUE,B4>8),'Atk Speed Boosts'!$C$105,0) +IF(AND($A$4="Raichu",$I$9="Stored Power",$K$9=TRUE,B4>4),'Atk Speed Boosts'!$C$110,0) +IF(AND($A$4="Raichu",$I$10="Unite Buff",$K$10=TRUE,B4>8),'Atk Speed Boosts'!$C$111,0) +IF(AND($A$4="Tsareena",$I$9="Triple Axel",$K$9=TRUE,B4>4),('Atk Speed Boosts'!$C$126+'Atk Speed Boosts'!$D$126*(B4-1))*$L$9,0) +IF(AND($A$4="Zacian",$I$9="Metal Claw",$K$9=TRUE,B4>4),'Atk Speed Boosts'!$C$135,0) +IF(AND($A$4="Zeraora",$I$9="Agility",$K$9=TRUE,B4<5),'Atk Speed Boosts'!$C$137,0) +IF(AND($A$4="Zeraora",$I$10="Volt Switch",$K$10=TRUE,B4>4,B4<11),'Atk Speed Boosts'!$C$138,0) +IF(AND($A$4="Zeraora",$I$11="Volt Switch+",$K$11=TRUE,B4>10),'Atk Speed Boosts'!$C$139,0) +IF(AND($A$4="Zeraora",$I$12="Unite Buff",$K$12=TRUE,B4>8),'Atk Speed Boosts'!$C$140,0) -> 0 | C6: =IF($G$9=TRUE,'Atk Speed Boosts'!$C$9,0) +IF($G$10=TRUE,'Atk Speed Boosts'!$C$10,0)+$G$11 +IF(AND($A$4="Absol",$I$9="Feint",$K$9=TRUE,C4<5),'Atk Speed Boosts'!$C$11,0) +IF(AND($A$4="Absol",$I$10="Night Slash",$K$10=TRUE,C4>4),'Atk Speed Boosts'!$C$12,0) +IF(AND($A$4="Absol",$I$11="Sucker Punch+",$K$11=TRUE,C4>12),'Atk Speed Boosts'!$C$13,0) +IF(AND($A$4="Aegislash",$I$9="Sword Stance",$K$9=TRUE,C4>6),'Atk Speed Boosts'!$C$14,0) +IF(AND($A$4="Aegislash",$I$10="Shield Stance",$K$10=TRUE,C4>6),'Atk Speed Boosts'!$C$15,0) +IF(AND($A$4="Aegislash",$I$11="Stance Change",$K$11=TRUE,C4>6),'Atk Speed Boosts'!$C$16,0) +IF(AND($A$4="Azumarill",$I$9="Aqua Tail",$K$9=TRUE,C4>3),'Atk Speed Boosts'!$C$20,0) +IF(AND($A$4="Blaziken",$I$9="Punch Style",$K$9=TRUE,OR(C4<5,C4>7)),'Atk Speed Boosts'!$C$22,0) +IF(AND($A$4="Buzzwole",$I$9="Beast Boost Assist",$K$9=TRUE),'Atk Speed Boosts'!$C$24,0) +IF(AND($A$4="Buzzwole",$I$10="Beast Boost KO",$K$10=TRUE),'Atk Speed Boosts'!$C$25,0) +IF(AND($A$4="Buzzwole",$I$11="Lunge",$K$11=TRUE,C4>6),'Atk Speed Boosts'!$C$26,0) +IF(AND($A$4="Ceruledge",$I$9="Take Down",$K$9=TRUE,C4<7),'Atk Speed Boosts'!$C$27,0) +IF(AND($A$4="Ceruledge",$I$10="Flame Charge",$K$10=TRUE,C4>6),'Atk Speed Boosts'!$C$28,0) +IF(AND($A$4="Cinderace",$I$9="Blaze",$K$9=TRUE),'Atk Speed Boosts'!$C$33,0) +IF(AND($A$4="Cinderace",$I$10="Blaze Kick+",$K$10=TRUE,C4>10),'Atk Speed Boosts'!$C$34,0) +IF(AND($A$4="Cinderace",$I$11="Unite Buff",$K$11=TRUE,C4>8),'Atk Speed Boosts'!$C$35,0) +IF(AND($A$4="Decidueye",$I$9="Auto Attack",$K$9=TRUE),'Atk Speed Boosts'!$C$41*$L$9,0) +IF(AND($A$4="Decidueye",$I$10="Leafage",$K$10=TRUE,C4<7),'Atk Speed Boosts'!$C$42,0) +IF(AND($A$4="Decidueye",$I$11="Razor Leaf",$K$11=TRUE,C4>6),'Atk Speed Boosts'!$C$43+'Atk Speed Boosts'!$D$43*(C4-1),0) +IF(AND($A$4="Dragapult",$I$9="Quick Attack",$K$9=TRUE,C4<5),'Atk Speed Boosts'!$C$47,0) +IF(AND($A$4="Dragapult",$I$10="Dragon Dance",$K$10=TRUE,C4>4),'Atk Speed Boosts'!$C$48,0) +IF(AND($A$4="Dragapult",$I$11="Phantom Force",$K$11=TRUE,C4>4),'Atk Speed Boosts'!$C$49,0) +IF(AND($A$4="Dragonite",$I$9="Dragon Dance",$K$9=TRUE,C4>4),'Atk Speed Boosts'!$C$50,0) +IF(AND($A$4="Dragonite",$I$10="Outrage",$K$10=TRUE,C4>7),'Atk Speed Boosts'!$C$51,0) +IF(AND($A$4="Dragonite",$I$11="Unite Buff",$K$11=TRUE,C4>8),'Atk Speed Boosts'!$C$52,0) +IF(AND($A$4="Duraludon",$I$9="Flash Cannon",$K$9=TRUE,C4>4),'Atk Speed Boosts'!$C$53-20*$L$9,0) +IF(AND($A$4="Duraludon",$I$10="Unite Buff",$K$10=TRUE,C4>8),'Atk Speed Boosts'!$C$54,0) +IF(AND($A$4="Empoleon",$I$9="Aqua Jet",$K$9=TRUE,C4>4),'Atk Speed Boosts'!$C$56,0) +IF(AND($A$4="Falinks",$I$9="Bulk Up",$K$9=TRUE,C4<6),'Atk Speed Boosts'!$C$58,0) +IF(AND($A$4="Feraligatr",$I$9="Crunch",$K$9=TRUE,C4<4),'Atk Speed Boosts'!$C$59,0) +IF(AND($A$4="Feraligatr",$I$9="Unite Buff",$K$9=TRUE,C4<8),'Atk Speed Boosts'!$C$60,0) +IF(AND($A$4="Garchomp",$I$9="Boosted Attack",$K$9=TRUE),'Atk Speed Boosts'!$C$61+'Atk Speed Boosts'!$D$61*(C4-1),0) +IF(AND($A$4="Garchomp",$I$10="Sand Attack",$K$10=TRUE,C4<5),'Atk Speed Boosts'!$C$62,0) +IF(AND($A$4="Glaceon",$I$9="Eevee Bond",$K$9=TRUE),'Atk Speed Boosts'!$C$65,0) +IF(AND($A$4="Glaceon",$I$10="Ice Shard",$K$10=TRUE,C4>5,C4<12),'Atk Speed Boosts'!$C$66,0) +IF(AND($A$4="Glaceon",$I$11="Ice Shard+",$K$11=TRUE,C4>11),'Atk Speed Boosts'!$C$67,0) +IF(AND($A$4="Glaceon",$I$12="Unite Buff",$K$12=TRUE,C4>7),'Atk Speed Boosts'!$C$68,0) +IF(AND($A$4="Greninja",$I$9="Unite Buff",$K$9=TRUE,C4>8),'Atk Speed Boosts'!$C$71,0) +IF(AND($A$4="Gyarados",$I$9="Evolution",$K$9=TRUE),'Atk Speed Boosts'!$C$72,0) +IF(AND($A$4="Gyarados",$I$10="Dragon Breath",$K$10=TRUE),'Atk Speed Boosts'!$C$73+'Atk Speed Boosts'!$D$73*$L$10,0) +IF(AND($A$4="Gyarados [Mega]",$I$9="Evolution",$K$9=TRUE),'Atk Speed Boosts'!$C$74,0) +IF(AND($A$4="Gyarados [Mega]",$I$10="Dragon Breath",$K$10=TRUE),'Atk Speed Boosts'!$C$75+'Atk Speed Boosts'!$D$75*$L$10,0) +IF(AND($A$4="Inteleon",$I$9="Unite Buff",$K$9=TRUE,C4>8),'Atk Speed Boosts'!$C$78,0) +IF(AND($A$4="Machamp",$I$9="Bulk Up",$K$9=TRUE,C4<5),'Atk Speed Boosts'!$C$85,0) +IF(AND($A$4="Machamp",$I$10="Submission",$K$10=TRUE,C4>4,C4<11),'Atk Speed Boosts'!$C$86,0) +IF(AND($A$4="Machamp",$I$11="Submission+",$K$11=TRUE,C4>10),'Atk Speed Boosts'!$C$87,0) +IF(AND($A$4="Machamp",$I$12="Unite Buff",$K$12=TRUE,C4>8),'Atk Speed Boosts'!$C$88,0) +IF(AND($A$4="Meowscarada",$I$9="Hone Claws",$K$9=TRUE,C4<7),'Atk Speed Boosts'!$C$91,0) +IF(AND($A$4="Meowscarada",$I$10="Trail Blaze",$K$10=TRUE,C4>6),'Atk Speed Boosts'!$C$92,0) +IF(AND($A$4="Mewtwo Y",$I$9="Pressure",$K$9=TRUE),'Atk Speed Boosts'!$C$97*$L$9,0) +IF(AND($A$4="Mewtwo Y",$I$10="Mega Evolution",$K$10=TRUE,C4>4),'Atk Speed Boosts'!$C$98,0) +IF(AND($A$4="Ninetales",$I$9="Aurora Veil",$K$9=TRUE,C4>5),'Atk Speed Boosts'!$C$103,0) +IF(AND($A$4="Pawmot",$I$9="Fighter Mode",$K$9=TRUE,C4>8),'Atk Speed Boosts'!$C$105*$L$9,0) +IF(AND($A$4="Pawmot",$I$10="Unite Buff",$K$10=TRUE,C4>8),'Atk Speed Boosts'!$C$105,0) +IF(AND($A$4="Raichu",$I$9="Stored Power",$K$9=TRUE,C4>4),'Atk Speed Boosts'!$C$110,0) +IF(AND($A$4="Raichu",$I$10="Unite Buff",$K$10=TRUE,C4>8),'Atk Speed Boosts'!$C$111,0) +IF(AND($A$4="Tsareena",$I$9="Triple Axel",$K$9=TRUE,C4>4),('Atk Speed Boosts'!$C$126+'Atk Speed Boosts'!$D$126*(C4-1))*$L$9,0) +IF(AND($A$4="Zacian",$I$9="Metal Claw",$K$9=TRUE,C4>4),'Atk Speed Boosts'!$C$135,0) +IF(AND($A$4="Zeraora",$I$9="Agility",$K$9=TRUE,C4<5),'Atk Speed Boosts'!$C$137,0) +IF(AND($A$4="Zeraora",$I$10="Volt Switch",$K$10=TRUE,C4>4,C4<11),'Atk Speed Boosts'!$C$138,0) +IF(AND($A$4="Zeraora",$I$11="Volt Switch+",$K$11=TRUE,C4>10),'Atk Speed Boosts'!$C$139,0) +IF(AND($A$4="Zeraora",$I$12="Unite Buff",$K$12=TRUE,C4>8),'Atk Speed Boosts'!$C$140,0) -> 0 | D6: =IF($G$9=TRUE,'Atk Speed Boosts'!$C$9,0) +IF($G$10=TRUE,'Atk Speed Boosts'!$C$10,0)+$G$11 +IF(AND($A$4="Absol",$I$9="Feint",$K$9=TRUE,D4<5),'Atk Speed Boosts'!$C$11,0) +IF(AND($A$4="Absol",$I$10="Night Slash",$K$10=TRUE,D4>4),'Atk Speed Boosts'!$C$12,0) +IF(AND($A$4="Absol",$I$11="Sucker Punch+",$K$11=TRUE,D4>12),'Atk Speed Boosts'!$C$13,0) +IF(AND($A$4="Aegislash",$I$9="Sword Stance",$K$9=TRUE,D4>6),'Atk Speed Boosts'!$C$14,0) +IF(AND($A$4="Aegislash",$I$10="Shield Stance",$K$10=TRUE,D4>6),'Atk Speed Boosts'!$C$15,0) +IF(AND($A$4="Aegislash",$I$11="Stance Change",$K$11=TRUE,D4>6),'Atk Speed Boosts'!$C$16,0) +IF(AND($A$4="Azumarill",$I$9="Aqua Tail",$K$9=TRUE,D4>3),'Atk Speed Boosts'!$C$20,0) +IF(AND($A$4="Blaziken",$I$9="Punch Style",$K$9=TRUE,OR(D4<5,D4>7)),'Atk Speed Boosts'!$C$22,0) +IF(AND($A$4="Buzzwole",$I$9="Beast Boost Assist",$K$9=TRUE),'Atk Speed Boosts'!$C$24,0) +IF(AND($A$4="Buzzwole",$I$10="Beast Boost KO",$K$10=TRUE),'Atk Speed Boosts'!$C$25,0) +IF(AND($A$4="Buzzwole",$I$11="Lunge",$K$11=TRUE,D4>6),'Atk Speed Boosts'!$C$26,0) +IF(AND($A$4="Ceruledge",$I$9="Take Down",$K$9=TRUE,D4<7),'Atk Speed Boosts'!$C$27,0) +IF(AND($A$4="Ceruledge",$I$10="Flame Charge",$K$10=TRUE,D4>6),'Atk Speed Boosts'!$C$28,0) +IF(AND($A$4="Cinderace",$I$9="Blaze",$K$9=TRUE),'Atk Speed Boosts'!$C$33,0) +IF(AND($A$4="Cinderace",$I$10="Blaze Kick+",$K$10=TRUE,D4>10),'Atk Speed Boosts'!$C$34,0) +IF(AND($A$4="Cinderace",$I$11="Unite Buff",$K$11=TRUE,D4>8),'Atk Speed Boosts'!$C$35,0) +IF(AND($A$4="Decidueye",$I$9="Auto Attack",$K$9=TRUE),'Atk Speed Boosts'!$C$41*$L$9,0) +IF(AND($A$4="Decidueye",$I$10="Leafage",$K$10=TRUE,D4<7),'Atk Speed Boosts'!$C$42,0) +IF(AND($A$4="Decidueye",$I$11="Razor Leaf",$K$11=TRUE,D4>6),'Atk Speed Boosts'!$C$43+'Atk Speed Boosts'!$D$43*(D4-1),0) +IF(AND($A$4="Dragapult",$I$9="Quick Attack",$K$9=TRUE,D4<5),'Atk Speed Boosts'!$C$47,0) +IF(AND($A$4="Dragapult",$I$10="Dragon Dance",$K$10=TRUE,D4>4),'Atk Speed Boosts'!$C$48,0) +IF(AND($A$4="Dragapult",$I$11="Phantom Force",$K$11=TRUE,D4>4),'Atk Speed Boosts'!$C$49,0) +IF(AND($A$4="Dragonite",$I$9="Dragon Dance",$K$9=TRUE,D4>4),'Atk Speed Boosts'!$C$50,0) +IF(AND($A$4="Dragonite",$I$10="Outrage",$K$10=TRUE,D4>7),'Atk Speed Boosts'!$C$51,0) +IF(AND($A$4="Dragonite",$I$11="Unite Buff",$K$11=TRUE,D4>8),'Atk Speed Boosts'!$C$52,0) +IF(AND($A$4="Duraludon",$I$9="Flash Cannon",$K$9=TRUE,D4>4),'Atk Speed Boosts'!$C$53-20*$L$9,0) +IF(AND($A$4="Duraludon",$I$10="Unite Buff",$K$10=TRUE,D4>8),'Atk Speed Boosts'!$C$54,0) +IF(AND($A$4="Empoleon",$I$9="Aqua Jet",$K$9=TRUE,D4>4),'Atk Speed Boosts'!$C$56,0) +IF(AND($A$4="Falinks",$I$9="Bulk Up",$K$9=TRUE,D4<6),'Atk Speed Boosts'!$C$58,0) +IF(AND($A$4="Feraligatr",$I$9="Crunch",$K$9=TRUE,D4<4),'Atk Speed Boosts'!$C$59,0) +IF(AND($A$4="Feraligatr",$I$9="Unite Buff",$K$9=TRUE,D4<8),'Atk Speed Boosts'!$C$60,0) +IF(AND($A$4="Garchomp",$I$9="Boosted Attack",$K$9=TRUE),'Atk Speed Boosts'!$C$61+'Atk Speed Boosts'!$D$61*(D4-1),0) +IF(AND($A$4="Garchomp",$I$10="Sand Attack",$K$10=TRUE,D4<5),'Atk Speed Boosts'!$C$62,0) +IF(AND($A$4="Glaceon",$I$9="Eevee Bond",$K$9=TRUE),'Atk Speed Boosts'!$C$65,0) +IF(AND($A$4="Glaceon",$I$10="Ice Shard",$K$10=TRUE,D4>5,D4<12),'Atk Speed Boosts'!$C$66,0) +IF(AND($A$4="Glaceon",$I$11="Ice Shard+",$K$11=TRUE,D4>11),'Atk Speed Boosts'!$C$67,0) +IF(AND($A$4="Glaceon",$I$12="Unite Buff",$K$12=TRUE,D4>7),'Atk Speed Boosts'!$C$68,0) +IF(AND($A$4="Greninja",$I$9="Unite Buff",$K$9=TRUE,D4>8),'Atk Speed Boosts'!$C$71,0) +IF(AND($A$4="Gyarados",$I$9="Evolution",$K$9=TRUE),'Atk Speed Boosts'!$C$72,0) +IF(AND($A$4="Gyarados",$I$10="Dragon Breath",$K$10=TRUE),'Atk Speed Boosts'!$C$73+'Atk Speed Boosts'!$D$73*$L$10,0) +IF(AND($A$4="Gyarados [Mega]",$I$9="Evolution",$K$9=TRUE),'Atk Speed Boosts'!$C$74,0) +IF(AND($A$4="Gyarados [Mega]",$I$10="Dragon Breath",$K$10=TRUE),'Atk Speed Boosts'!$C$75+'Atk Speed Boosts'!$D$75*$L$10,0) +IF(AND($A$4="Inteleon",$I$9="Unite Buff",$K$9=TRUE,D4>8),'Atk Speed Boosts'!$C$78,0) +IF(AND($A$4="Machamp",$I$9="Bulk Up",$K$9=TRUE,D4<5),'Atk Speed Boosts'!$C$85,0) +IF(AND($A$4="Machamp",$I$10="Submission",$K$10=TRUE,D4>4,D4<11),'Atk Speed Boosts'!$C$86,0) +IF(AND($A$4="Machamp",$I$11="Submission+",$K$11=TRUE,D4>10),'Atk Speed Boosts'!$C$87,0) +IF(AND($A$4="Machamp",$I$12="Unite Buff",$K$12=TRUE,D4>8),'Atk Speed Boosts'!$C$88,0) +IF(AND($A$4="Meowscarada",$I$9="Hone Claws",$K$9=TRUE,D4<7),'Atk Speed Boosts'!$C$91,0) +IF(AND($A$4="Meowscarada",$I$10="Trail Blaze",$K$10=TRUE,D4>6),'Atk Speed Boosts'!$C$92,0) +IF(AND($A$4="Mewtwo Y",$I$9="Pressure",$K$9=TRUE),'Atk Speed Boosts'!$C$97*$L$9,0) +IF(AND($A$4="Mewtwo Y",$I$10="Mega Evolution",$K$10=TRUE,D4>4),'Atk Speed Boosts'!$C$98,0) +IF(AND($A$4="Ninetales",$I$9="Aurora Veil",$K$9=TRUE,D4>5),'Atk Speed Boosts'!$C$103,0) +IF(AND($A$4="Pawmot",$I$9="Fighter Mode",$K$9=TRUE,D4>8),'Atk Speed Boosts'!$C$105*$L$9,0) +IF(AND($A$4="Pawmot",$I$10="Unite Buff",$K$10=TRUE,D4>8),'Atk Speed Boosts'!$C$105,0) +IF(AND($A$4="Raichu",$I$9="Stored Power",$K$9=TRUE,D4>4),'Atk Speed Boosts'!$C$110,0) +IF(AND($A$4="Raichu",$I$10="Unite Buff",$K$10=TRUE,D4>8),'Atk Speed Boosts'!$C$111,0) +IF(AND($A$4="Tsareena",$I$9="Triple Axel",$K$9=TRUE,D4>4),('Atk Speed Boosts'!$C$126+'Atk Speed Boosts'!$D$126*(D4-1))*$L$9,0) +IF(AND($A$4="Zacian",$I$9="Metal Claw",$K$9=TRUE,D4>4),'Atk Speed Boosts'!$C$135,0) +IF(AND($A$4="Zeraora",$I$9="Agility",$K$9=TRUE,D4<5),'Atk Speed Boosts'!$C$137,0) +IF(AND($A$4="Zeraora",$I$10="Volt Switch",$K$10=TRUE,D4>4,D4<11),'Atk Speed Boosts'!$C$138,0) +IF(AND($A$4="Zeraora",$I$11="Volt Switch+",$K$11=TRUE,D4>10),'Atk Speed Boosts'!$C$139,0) +IF(AND($A$4="Zeraora",$I$12="Unite Buff",$K$12=TRUE,D4>8),'Atk Speed Boosts'!$C$140,0) -> 0 | E6: =IF($G$9=TRUE,'Atk Speed Boosts'!$C$9,0) +IF($G$10=TRUE,'Atk Speed Boosts'!$C$10,0)+$G$11 +IF(AND($A$4="Absol",$I$9="Feint",$K$9=TRUE,E4<5),'Atk Speed Boosts'!$C$11,0) +IF(AND($A$4="Absol",$I$10="Night Slash",$K$10=TRUE,E4>4),'Atk Speed Boosts'!$C$12,0) +IF(AND($A$4="Absol",$I$11="Sucker Punch+",$K$11=TRUE,E4>12),'Atk Speed Boosts'!$C$13,0) +IF(AND($A$4="Aegislash",$I$9="Sword Stance",$K$9=TRUE,E4>6),'Atk Speed Boosts'!$C$14,0) +IF(AND($A$4="Aegislash",$I$10="Shield Stance",$K$10=TRUE,E4>6),'Atk Speed Boosts'!$C$15,0) +IF(AND($A$4="Aegislash",$I$11="Stance Change",$K$11=TRUE,E4>6),'Atk Speed Boosts'!$C$16,0) +IF(AND($A$4="Azumarill",$I$9="Aqua Tail",$K$9=TRUE,E4>3),'Atk Speed Boosts'!$C$20,0) +IF(AND($A$4="Blaziken",$I$9="Punch Style",$K$9=TRUE,OR(E4<5,E4>7)),'Atk Speed Boosts'!$C$22,0) +IF(AND($A$4="Buzzwole",$I$9="Beast Boost Assist",$K$9=TRUE),'Atk Speed Boosts'!$C$24,0) +IF(AND($A$4="Buzzwole",$I$10="Beast Boost KO",$K$10=TRUE),'Atk Speed Boosts'!$C$25,0) +IF(AND($A$4="Buzzwole",$I$11="Lunge",$K$11=TRUE,E4>6),'Atk Speed Boosts'!$C$26,0) +IF(AND($A$4="Ceruledge",$I$9="Take Down",$K$9=TRUE,E4<7),'Atk Speed Boosts'!$C$27,0) +IF(AND($A$4="Ceruledge",$I$10="Flame Charge",$K$10=TRUE,E4>6),'Atk Speed Boosts'!$C$28,0) +IF(AND($A$4="Cinderace",$I$9="Blaze",$K$9=TRUE),'Atk Speed Boosts'!$C$33,0) +IF(AND($A$4="Cinderace",$I$10="Blaze Kick+",$K$10=TRUE,E4>10),'Atk Speed Boosts'!$C$34,0) +IF(AND($A$4="Cinderace",$I$11="Unite Buff",$K$11=TRUE,E4>8),'Atk Speed Boosts'!$C$35,0) +IF(AND($A$4="Decidueye",$I$9="Auto Attack",$K$9=TRUE),'Atk Speed Boosts'!$C$41*$L$9,0) +IF(AND($A$4="Decidueye",$I$10="Leafage",$K$10=TRUE,E4<7),'Atk Speed Boosts'!$C$42,0) +IF(AND($A$4="Decidueye",$I$11="Razor Leaf",$K$11=TRUE,E4>6),'Atk Speed Boosts'!$C$43+'Atk Speed Boosts'!$D$43*(E4-1),0) +IF(AND($A$4="Dragapult",$I$9="Quick Attack",$K$9=TRUE,E4<5),'Atk Speed Boosts'!$C$47,0) +IF(AND($A$4="Dragapult",$I$10="Dragon Dance",$K$10=TRUE,E4>4),'Atk Speed Boosts'!$C$48,0) +IF(AND($A$4="Dragapult",$I$11="Phantom Force",$K$11=TRUE,E4>4),'Atk Speed Boosts'!$C$49,0) +IF(AND($A$4="Dragonite",$I$9="Dragon Dance",$K$9=TRUE,E4>4),'Atk Speed Boosts'!$C$50,0) +IF(AND($A$4="Dragonite",$I$10="Outrage",$K$10=TRUE,E4>7),'Atk Speed Boosts'!$C$51,0) +IF(AND($A$4="Dragonite",$I$11="Unite Buff",$K$11=TRUE,E4>8),'Atk Speed Boosts'!$C$52,0) +IF(AND($A$4="Duraludon",$I$9="Flash Cannon",$K$9=TRUE,E4>4),'Atk Speed Boosts'!$C$53-20*$L$9,0) +IF(AND($A$4="Duraludon",$I$10="Unite Buff",$K$10=TRUE,E4>8),'Atk Speed Boosts'!$C$54,0) +IF(AND($A$4="Empoleon",$I$9="Aqua Jet",$K$9=TRUE,E4>4),'Atk Speed Boosts'!$C$56,0) +IF(AND($A$4="Falinks",$I$9="Bulk Up",$K$9=TRUE,E4<6),'Atk Speed Boosts'!$C$58,0) +IF(AND($A$4="Feraligatr",$I$9="Crunch",$K$9=TRUE,E4<4),'Atk Speed Boosts'!$C$59,0) +IF(AND($A$4="Feraligatr",$I$9="Unite Buff",$K$9=TRUE,E4<8),'Atk Speed Boosts'!$C$60,0) +IF(AND($A$4="Garchomp",$I$9="Boosted Attack",$K$9=TRUE),'Atk Speed Boosts'!$C$61+'Atk Speed Boosts'!$D$61*(E4-1),0) +IF(AND($A$4="Garchomp",$I$10="Sand Attack",$K$10=TRUE,E4<5),'Atk Speed Boosts'!$C$62,0) +IF(AND($A$4="Glaceon",$I$9="Eevee Bond",$K$9=TRUE),'Atk Speed Boosts'!$C$65,0) +IF(AND($A$4="Glaceon",$I$10="Ice Shard",$K$10=TRUE,E4>5,E4<12),'Atk Speed Boosts'!$C$66,0) +IF(AND($A$4="Glaceon",$I$11="Ice Shard+",$K$11=TRUE,E4>11),'Atk Speed Boosts'!$C$67,0) +IF(AND($A$4="Glaceon",$I$12="Unite Buff",$K$12=TRUE,E4>7),'Atk Speed Boosts'!$C$68,0) +IF(AND($A$4="Greninja",$I$9="Unite Buff",$K$9=TRUE,E4>8),'Atk Speed Boosts'!$C$71,0) +IF(AND($A$4="Gyarados",$I$9="Evolution",$K$9=TRUE),'Atk Speed Boosts'!$C$72,0) +IF(AND($A$4="Gyarados",$I$10="Dragon Breath",$K$10=TRUE),'Atk Speed Boosts'!$C$73+'Atk Speed Boosts'!$D$73*$L$10,0) +IF(AND($A$4="Gyarados [Mega]",$I$9="Evolution",$K$9=TRUE),'Atk Speed Boosts'!$C$74,0) +IF(AND($A$4="Gyarados [Mega]",$I$10="Dragon Breath",$K$10=TRUE),'Atk Speed Boosts'!$C$75+'Atk Speed Boosts'!$D$75*$L$10,0) +IF(AND($A$4="Inteleon",$I$9="Unite Buff",$K$9=TRUE,E4>8),'Atk Speed Boosts'!$C$78,0) +IF(AND($A$4="Machamp",$I$9="Bulk Up",$K$9=TRUE,E4<5),'Atk Speed Boosts'!$C$85,0) +IF(AND($A$4="Machamp",$I$10="Submission",$K$10=TRUE,E4>4,E4<11),'Atk Speed Boosts'!$C$86,0) +IF(AND($A$4="Machamp",$I$11="Submission+",$K$11=TRUE,E4>10),'Atk Speed Boosts'!$C$87,0) +IF(AND($A$4="Machamp",$I$12="Unite Buff",$K$12=TRUE,E4>8),'Atk Speed Boosts'!$C$88,0) +IF(AND($A$4="Meowscarada",$I$9="Hone Claws",$K$9=TRUE,E4<7),'Atk Speed Boosts'!$C$91,0) +IF(AND($A$4="Meowscarada",$I$10="Trail Blaze",$K$10=TRUE,E4>6),'Atk Speed Boosts'!$C$92,0) +IF(AND($A$4="Mewtwo Y",$I$9="Pressure",$K$9=TRUE),'Atk Speed Boosts'!$C$97*$L$9,0) +IF(AND($A$4="Mewtwo Y",$I$10="Mega Evolution",$K$10=TRUE,E4>4),'Atk Speed Boosts'!$C$98,0) +IF(AND($A$4="Ninetales",$I$9="Aurora Veil",$K$9=TRUE,E4>5),'Atk Speed Boosts'!$C$103,0) +IF(AND($A$4="Pawmot",$I$9="Fighter Mode",$K$9=TRUE,E4>8),'Atk Speed Boosts'!$C$105*$L$9,0) +IF(AND($A$4="Pawmot",$I$10="Unite Buff",$K$10=TRUE,E4>8),'Atk Speed Boosts'!$C$105,0) +IF(AND($A$4="Raichu",$I$9="Stored Power",$K$9=TRUE,E4>4),'Atk Speed Boosts'!$C$110,0) +IF(AND($A$4="Raichu",$I$10="Unite Buff",$K$10=TRUE,E4>8),'Atk Speed Boosts'!$C$111,0) +IF(AND($A$4="Tsareena",$I$9="Triple Axel",$K$9=TRUE,E4>4),('Atk Speed Boosts'!$C$126+'Atk Speed Boosts'!$D$126*(E4-1))*$L$9,0) +IF(AND($A$4="Zacian",$I$9="Metal Claw",$K$9=TRUE,E4>4),'Atk Speed Boosts'!$C$135,0) +IF(AND($A$4="Zeraora",$I$9="Agility",$K$9=TRUE,E4<5),'Atk Speed Boosts'!$C$137,0) +IF(AND($A$4="Zeraora",$I$10="Volt Switch",$K$10=TRUE,E4>4,E4<11),'Atk Speed Boosts'!$C$138,0) +IF(AND($A$4="Zeraora",$I$11="Volt Switch+",$K$11=TRUE,E4>10),'Atk Speed Boosts'!$C$139,0) +IF(AND($A$4="Zeraora",$I$12="Unite Buff",$K$12=TRUE,E4>8),'Atk Speed Boosts'!$C$140,0) -> 0 | F6: =IF($G$9=TRUE,'Atk Speed Boosts'!$C$9,0) +IF($G$10=TRUE,'Atk Speed Boosts'!$C$10,0)+$G$11 +IF(AND($A$4="Absol",$I$9="Feint",$K$9=TRUE,F4<5),'Atk Speed Boosts'!$C$11,0) +IF(AND($A$4="Absol",$I$10="Night Slash",$K$10=TRUE,F4>4),'Atk Speed Boosts'!$C$12,0) +IF(AND($A$4="Absol",$I$11="Sucker Punch+",$K$11=TRUE,F4>12),'Atk Speed Boosts'!$C$13,0) +IF(AND($A$4="Aegislash",$I$9="Sword Stance",$K$9=TRUE,F4>6),'Atk Speed Boosts'!$C$14,0) +IF(AND($A$4="Aegislash",$I$10="Shield Stance",$K$10=TRUE,F4>6),'Atk Speed Boosts'!$C$15,0) +IF(AND($A$4="Aegislash",$I$11="Stance Change",$K$11=TRUE,F4>6),'Atk Speed Boosts'!$C$16,0) +IF(AND($A$4="Azumarill",$I$9="Aqua Tail",$K$9=TRUE,F4>3),'Atk Speed Boosts'!$C$20,0) +IF(AND($A$4="Blaziken",$I$9="Punch Style",$K$9=TRUE,OR(F4<5,F4>7)),'Atk Speed Boosts'!$C$22,0) +IF(AND($A$4="Buzzwole",$I$9="Beast Boost Assist",$K$9=TRUE),'Atk Speed Boosts'!$C$24,0) +IF(AND($A$4="Buzzwole",$I$10="Beast Boost KO",$K$10=TRUE),'Atk Speed Boosts'!$C$25,0) +IF(AND($A$4="Buzzwole",$I$11="Lunge",$K$11=TRUE,F4>6),'Atk Speed Boosts'!$C$26,0) +IF(AND($A$4="Ceruledge",$I$9="Take Down",$K$9=TRUE,F4<7),'Atk Speed Boosts'!$C$27,0) +IF(AND($A$4="Ceruledge",$I$10="Flame Charge",$K$10=TRUE,F4>6),'Atk Speed Boosts'!$C$28,0) +IF(AND($A$4="Cinderace",$I$9="Blaze",$K$9=TRUE),'Atk Speed Boosts'!$C$33,0) +IF(AND($A$4="Cinderace",$I$10="Blaze Kick+",$K$10=TRUE,F4>10),'Atk Speed Boosts'!$C$34,0) +IF(AND($A$4="Cinderace",$I$11="Unite Buff",$K$11=TRUE,F4>8),'Atk Speed Boosts'!$C$35,0) +IF(AND($A$4="Decidueye",$I$9="Auto Attack",$K$9=TRUE),'Atk Speed Boosts'!$C$41*$L$9,0) +IF(AND($A$4="Decidueye",$I$10="Leafage",$K$10=TRUE,F4<7),'Atk Speed Boosts'!$C$42,0) +IF(AND($A$4="Decidueye",$I$11="Razor Leaf",$K$11=TRUE,F4>6),'Atk Speed Boosts'!$C$43+'Atk Speed Boosts'!$D$43*(F4-1),0) +IF(AND($A$4="Dragapult",$I$9="Quick Attack",$K$9=TRUE,F4<5),'Atk Speed Boosts'!$C$47,0) +IF(AND($A$4="Dragapult",$I$10="Dragon Dance",$K$10=TRUE,F4>4),'Atk Speed Boosts'!$C$48,0) +IF(AND($A$4="Dragapult",$I$11="Phantom Force",$K$11=TRUE,F4>4),'Atk Speed Boosts'!$C$49,0) +IF(AND($A$4="Dragonite",$I$9="Dragon Dance",$K$9=TRUE,F4>4),'Atk Speed Boosts'!$C$50,0) +IF(AND($A$4="Dragonite",$I$10="Outrage",$K$10=TRUE,F4>7),'Atk Speed Boosts'!$C$51,0) +IF(AND($A$4="Dragonite",$I$11="Unite Buff",$K$11=TRUE,F4>8),'Atk Speed Boosts'!$C$52,0) +IF(AND($A$4="Duraludon",$I$9="Flash Cannon",$K$9=TRUE,F4>4),'Atk Speed Boosts'!$C$53-20*$L$9,0) +IF(AND($A$4="Duraludon",$I$10="Unite Buff",$K$10=TRUE,F4>8),'Atk Speed Boosts'!$C$54,0) +IF(AND($A$4="Empoleon",$I$9="Aqua Jet",$K$9=TRUE,F4>4),'Atk Speed Boosts'!$C$56,0) +IF(AND($A$4="Falinks",$I$9="Bulk Up",$K$9=TRUE,F4<6),'Atk Speed Boosts'!$C$58,0) +IF(AND($A$4="Feraligatr",$I$9="Crunch",$K$9=TRUE,F4<4),'Atk Speed Boosts'!$C$59,0) +IF(AND($A$4="Feraligatr",$I$9="Unite Buff",$K$9=TRUE,F4<8),'Atk Speed Boosts'!$C$60,0) +IF(AND($A$4="Garchomp",$I$9="Boosted Attack",$K$9=TRUE),'Atk Speed Boosts'!$C$61+'Atk Speed Boosts'!$D$61*(F4-1),0) +IF(AND($A$4="Garchomp",$I$10="Sand Attack",$K$10=TRUE,F4<5),'Atk Speed Boosts'!$C$62,0) +IF(AND($A$4="Glaceon",$I$9="Eevee Bond",$K$9=TRUE),'Atk Speed Boosts'!$C$65,0) +IF(AND($A$4="Glaceon",$I$10="Ice Shard",$K$10=TRUE,F4>5,F4<12),'Atk Speed Boosts'!$C$66,0) +IF(AND($A$4="Glaceon",$I$11="Ice Shard+",$K$11=TRUE,F4>11),'Atk Speed Boosts'!$C$67,0) +IF(AND($A$4="Glaceon",$I$12="Unite Buff",$K$12=TRUE,F4>7),'Atk Speed Boosts'!$C$68,0) +IF(AND($A$4="Greninja",$I$9="Unite Buff",$K$9=TRUE,F4>8),'Atk Speed Boosts'!$C$71,0) +IF(AND($A$4="Gyarados",$I$9="Evolution",$K$9=TRUE),'Atk Speed Boosts'!$C$72,0) +IF(AND($A$4="Gyarados",$I$10="Dragon Breath",$K$10=TRUE),'Atk Speed Boosts'!$C$73+'Atk Speed Boosts'!$D$73*$L$10,0) +IF(AND($A$4="Gyarados [Mega]",$I$9="Evolution",$K$9=TRUE),'Atk Speed Boosts'!$C$74,0) +IF(AND($A$4="Gyarados [Mega]",$I$10="Dragon Breath",$K$10=TRUE),'Atk Speed Boosts'!$C$75+'Atk Speed Boosts'!$D$75*$L$10,0) +IF(AND($A$4="Inteleon",$I$9="Unite Buff",$K$9=TRUE,F4>8),'Atk Speed Boosts'!$C$78,0) +IF(AND($A$4="Machamp",$I$9="Bulk Up",$K$9=TRUE,F4<5),'Atk Speed Boosts'!$C$85,0) +IF(AND($A$4="Machamp",$I$10="Submission",$K$10=TRUE,F4>4,F4<11),'Atk Speed Boosts'!$C$86,0) +IF(AND($A$4="Machamp",$I$11="Submission+",$K$11=TRUE,F4>10),'Atk Speed Boosts'!$C$87,0) +IF(AND($A$4="Machamp",$I$12="Unite Buff",$K$12=TRUE,F4>8),'Atk Speed Boosts'!$C$88,0) +IF(AND($A$4="Meowscarada",$I$9="Hone Claws",$K$9=TRUE,F4<7),'Atk Speed Boosts'!$C$91,0) +IF(AND($A$4="Meowscarada",$I$10="Trail Blaze",$K$10=TRUE,F4>6),'Atk Speed Boosts'!$C$92,0) +IF(AND($A$4="Mewtwo Y",$I$9="Pressure",$K$9=TRUE),'Atk Speed Boosts'!$C$97*$L$9,0) +IF(AND($A$4="Mewtwo Y",$I$10="Mega Evolution",$K$10=TRUE,F4>4),'Atk Speed Boosts'!$C$98,0) +IF(AND($A$4="Ninetales",$I$9="Aurora Veil",$K$9=TRUE,F4>5),'Atk Speed Boosts'!$C$103,0) +IF(AND($A$4="Pawmot",$I$9="Fighter Mode",$K$9=TRUE,F4>8),'Atk Speed Boosts'!$C$105*$L$9,0) +IF(AND($A$4="Pawmot",$I$10="Unite Buff",$K$10=TRUE,F4>8),'Atk Speed Boosts'!$C$105,0) +IF(AND($A$4="Raichu",$I$9="Stored Power",$K$9=TRUE,F4>4),'Atk Speed Boosts'!$C$110,0) +IF(AND($A$4="Raichu",$I$10="Unite Buff",$K$10=TRUE,F4>8),'Atk Speed Boosts'!$C$111,0) +IF(AND($A$4="Tsareena",$I$9="Triple Axel",$K$9=TRUE,F4>4),('Atk Speed Boosts'!$C$126+'Atk Speed Boosts'!$D$126*(F4-1))*$L$9,0) +IF(AND($A$4="Zacian",$I$9="Metal Claw",$K$9=TRUE,F4>4),'Atk Speed Boosts'!$C$135,0) +IF(AND($A$4="Zeraora",$I$9="Agility",$K$9=TRUE,F4<5),'Atk Speed Boosts'!$C$137,0) +IF(AND($A$4="Zeraora",$I$10="Volt Switch",$K$10=TRUE,F4>4,F4<11),'Atk Speed Boosts'!$C$138,0) +IF(AND($A$4="Zeraora",$I$11="Volt Switch+",$K$11=TRUE,F4>10),'Atk Speed Boosts'!$C$139,0) +IF(AND($A$4="Zeraora",$I$12="Unite Buff",$K$12=TRUE,F4>8),'Atk Speed Boosts'!$C$140,0) -> 35 | G6: =IF($G$9=TRUE,'Atk Speed Boosts'!$C$9,0) +IF($G$10=TRUE,'Atk Speed Boosts'!$C$10,0)+$G$11 +IF(AND($A$4="Absol",$I$9="Feint",$K$9=TRUE,G4<5),'Atk Speed Boosts'!$C$11,0) +IF(AND($A$4="Absol",$I$10="Night Slash",$K$10=TRUE,G4>4),'Atk Speed Boosts'!$C$12,0) +IF(AND($A$4="Absol",$I$11="Sucker Punch+",$K$11=TRUE,G4>12),'Atk Speed Boosts'!$C$13,0) +IF(AND($A$4="Aegislash",$I$9="Sword Stance",$K$9=TRUE,G4>6),'Atk Speed Boosts'!$C$14,0) +IF(AND($A$4="Aegislash",$I$10="Shield Stance",$K$10=TRUE,G4>6),'Atk Speed Boosts'!$C$15,0) +IF(AND($A$4="Aegislash",$I$11="Stance Change",$K$11=TRUE,G4>6),'Atk Speed Boosts'!$C$16,0) +IF(AND($A$4="Azumarill",$I$9="Aqua Tail",$K$9=TRUE,G4>3),'Atk Speed Boosts'!$C$20,0) +IF(AND($A$4="Blaziken",$I$9="Punch Style",$K$9=TRUE,OR(G4<5,G4>7)),'Atk Speed Boosts'!$C$22,0) +IF(AND($A$4="Buzzwole",$I$9="Beast Boost Assist",$K$9=TRUE),'Atk Speed Boosts'!$C$24,0) +IF(AND($A$4="Buzzwole",$I$10="Beast Boost KO",$K$10=TRUE),'Atk Speed Boosts'!$C$25,0) +IF(AND($A$4="Buzzwole",$I$11="Lunge",$K$11=TRUE,G4>6),'Atk Speed Boosts'!$C$26,0) +IF(AND($A$4="Ceruledge",$I$9="Take Down",$K$9=TRUE,G4<7),'Atk Speed Boosts'!$C$27,0) +IF(AND($A$4="Ceruledge",$I$10="Flame Charge",$K$10=TRUE,G4>6),'Atk Speed Boosts'!$C$28,0) +IF(AND($A$4="Cinderace",$I$9="Blaze",$K$9=TRUE),'Atk Speed Boosts'!$C$33,0) +IF(AND($A$4="Cinderace",$I$10="Blaze Kick+",$K$10=TRUE,G4>10),'Atk Speed Boosts'!$C$34,0) +IF(AND($A$4="Cinderace",$I$11="Unite Buff",$K$11=TRUE,G4>8),'Atk Speed Boosts'!$C$35,0) +IF(AND($A$4="Decidueye",$I$9="Auto Attack",$K$9=TRUE),'Atk Speed Boosts'!$C$41*$L$9,0) +IF(AND($A$4="Decidueye",$I$10="Leafage",$K$10=TRUE,G4<7),'Atk Speed Boosts'!$C$42,0) +IF(AND($A$4="Decidueye",$I$11="Razor Leaf",$K$11=TRUE,G4>6),'Atk Speed Boosts'!$C$43+'Atk Speed Boosts'!$D$43*(G4-1),0) +IF(AND($A$4="Dragapult",$I$9="Quick Attack",$K$9=TRUE,G4<5),'Atk Speed Boosts'!$C$47,0) +IF(AND($A$4="Dragapult",$I$10="Dragon Dance",$K$10=TRUE,G4>4),'Atk Speed Boosts'!$C$48,0) +IF(AND($A$4="Dragapult",$I$11="Phantom Force",$K$11=TRUE,G4>4),'Atk Speed Boosts'!$C$49,0) +IF(AND($A$4="Dragonite",$I$9="Dragon Dance",$K$9=TRUE,G4>4),'Atk Speed Boosts'!$C$50,0) +IF(AND($A$4="Dragonite",$I$10="Outrage",$K$10=TRUE,G4>7),'Atk Speed Boosts'!$C$51,0) +IF(AND($A$4="Dragonite",$I$11="Unite Buff",$K$11=TRUE,G4>8),'Atk Speed Boosts'!$C$52,0) +IF(AND($A$4="Duraludon",$I$9="Flash Cannon",$K$9=TRUE,G4>4),'Atk Speed Boosts'!$C$53-20*$L$9,0) +IF(AND($A$4="Duraludon",$I$10="Unite Buff",$K$10=TRUE,G4>8),'Atk Speed Boosts'!$C$54,0) +IF(AND($A$4="Empoleon",$I$9="Aqua Jet",$K$9=TRUE,G4>4),'Atk Speed Boosts'!$C$56,0) +IF(AND($A$4="Falinks",$I$9="Bulk Up",$K$9=TRUE,G4<6),'Atk Speed Boosts'!$C$58,0) +IF(AND($A$4="Feraligatr",$I$9="Crunch",$K$9=TRUE,G4<4),'Atk Speed Boosts'!$C$59,0) +IF(AND($A$4="Feraligatr",$I$9="Unite Buff",$K$9=TRUE,G4<8),'Atk Speed Boosts'!$C$60,0) +IF(AND($A$4="Garchomp",$I$9="Boosted Attack",$K$9=TRUE),'Atk Speed Boosts'!$C$61+'Atk Speed Boosts'!$D$61*(G4-1),0) +IF(AND($A$4="Garchomp",$I$10="Sand Attack",$K$10=TRUE,G4<5),'Atk Speed Boosts'!$C$62,0) +IF(AND($A$4="Glaceon",$I$9="Eevee Bond",$K$9=TRUE),'Atk Speed Boosts'!$C$65,0) +IF(AND($A$4="Glaceon",$I$10="Ice Shard",$K$10=TRUE,G4>5,G4<12),'Atk Speed Boosts'!$C$66,0) +IF(AND($A$4="Glaceon",$I$11="Ice Shard+",$K$11=TRUE,G4>11),'Atk Speed Boosts'!$C$67,0) +IF(AND($A$4="Glaceon",$I$12="Unite Buff",$K$12=TRUE,G4>7),'Atk Speed Boosts'!$C$68,0) +IF(AND($A$4="Greninja",$I$9="Unite Buff",$K$9=TRUE,G4>8),'Atk Speed Boosts'!$C$71,0) +IF(AND($A$4="Gyarados",$I$9="Evolution",$K$9=TRUE),'Atk Speed Boosts'!$C$72,0) +IF(AND($A$4="Gyarados",$I$10="Dragon Breath",$K$10=TRUE),'Atk Speed Boosts'!$C$73+'Atk Speed Boosts'!$D$73*$L$10,0) +IF(AND($A$4="Gyarados [Mega]",$I$9="Evolution",$K$9=TRUE),'Atk Speed Boosts'!$C$74,0) +IF(AND($A$4="Gyarados [Mega]",$I$10="Dragon Breath",$K$10=TRUE),'Atk Speed Boosts'!$C$75+'Atk Speed Boosts'!$D$75*$L$10,0) +IF(AND($A$4="Inteleon",$I$9="Unite Buff",$K$9=TRUE,G4>8),'Atk Speed Boosts'!$C$78,0) +IF(AND($A$4="Machamp",$I$9="Bulk Up",$K$9=TRUE,G4<5),'Atk Speed Boosts'!$C$85,0) +IF(AND($A$4="Machamp",$I$10="Submission",$K$10=TRUE,G4>4,G4<11),'Atk Speed Boosts'!$C$86,0) +IF(AND($A$4="Machamp",$I$11="Submission+",$K$11=TRUE,G4>10),'Atk Speed Boosts'!$C$87,0) +IF(AND($A$4="Machamp",$I$12="Unite Buff",$K$12=TRUE,G4>8),'Atk Speed Boosts'!$C$88,0) +IF(AND($A$4="Meowscarada",$I$9="Hone Claws",$K$9=TRUE,G4<7),'Atk Speed Boosts'!$C$91,0) +IF(AND($A$4="Meowscarada",$I$10="Trail Blaze",$K$10=TRUE,G4>6),'Atk Speed Boosts'!$C$92,0) +IF(AND($A$4="Mewtwo Y",$I$9="Pressure",$K$9=TRUE),'Atk Speed Boosts'!$C$97*$L$9,0) +IF(AND($A$4="Mewtwo Y",$I$10="Mega Evolution",$K$10=TRUE,G4>4),'Atk Speed Boosts'!$C$98,0) +IF(AND($A$4="Ninetales",$I$9="Aurora Veil",$K$9=TRUE,G4>5),'Atk Speed Boosts'!$C$103,0) +IF(AND($A$4="Pawmot",$I$9="Fighter Mode",$K$9=TRUE,G4>8),'Atk Speed Boosts'!$C$105*$L$9,0) +IF(AND($A$4="Pawmot",$I$10="Unite Buff",$K$10=TRUE,G4>8),'Atk Speed Boosts'!$C$105,0) +IF(AND($A$4="Raichu",$I$9="Stored Power",$K$9=TRUE,G4>4),'Atk Speed Boosts'!$C$110,0) +IF(AND($A$4="Raichu",$I$10="Unite Buff",$K$10=TRUE,G4>8),'Atk Speed Boosts'!$C$111,0) +IF(AND($A$4="Tsareena",$I$9="Triple Axel",$K$9=TRUE,G4>4),('Atk Speed Boosts'!$C$126+'Atk Speed Boosts'!$D$126*(G4-1))*$L$9,0) +IF(AND($A$4="Zacian",$I$9="Metal Claw",$K$9=TRUE,G4>4),'Atk Speed Boosts'!$C$135,0) +IF(AND($A$4="Zeraora",$I$9="Agility",$K$9=TRUE,G4<5),'Atk Speed Boosts'!$C$137,0) +IF(AND($A$4="Zeraora",$I$10="Volt Switch",$K$10=TRUE,G4>4,G4<11),'Atk Speed Boosts'!$C$138,0) +IF(AND($A$4="Zeraora",$I$11="Volt Switch+",$K$11=TRUE,G4>10),'Atk Speed Boosts'!$C$139,0) +IF(AND($A$4="Zeraora",$I$12="Unite Buff",$K$12=TRUE,G4>8),'Atk Speed Boosts'!$C$140,0) -> 35 | H6: =IF($G$9=TRUE,'Atk Speed Boosts'!$C$9,0) +IF($G$10=TRUE,'Atk Speed Boosts'!$C$10,0)+$G$11 +IF(AND($A$4="Absol",$I$9="Feint",$K$9=TRUE,H4<5),'Atk Speed Boosts'!$C$11,0) +IF(AND($A$4="Absol",$I$10="Night Slash",$K$10=TRUE,H4>4),'Atk Speed Boosts'!$C$12,0) +IF(AND($A$4="Absol",$I$11="Sucker Punch+",$K$11=TRUE,H4>12),'Atk Speed Boosts'!$C$13,0) +IF(AND($A$4="Aegislash",$I$9="Sword Stance",$K$9=TRUE,H4>6),'Atk Speed Boosts'!$C$14,0) +IF(AND($A$4="Aegislash",$I$10="Shield Stance",$K$10=TRUE,H4>6),'Atk Speed Boosts'!$C$15,0) +IF(AND($A$4="Aegislash",$I$11="Stance Change",$K$11=TRUE,H4>6),'Atk Speed Boosts'!$C$16,0) +IF(AND($A$4="Azumarill",$I$9="Aqua Tail",$K$9=TRUE,H4>3),'Atk Speed Boosts'!$C$20,0) +IF(AND($A$4="Blaziken",$I$9="Punch Style",$K$9=TRUE,OR(H4<5,H4>7)),'Atk Speed Boosts'!$C$22,0) +IF(AND($A$4="Buzzwole",$I$9="Beast Boost Assist",$K$9=TRUE),'Atk Speed Boosts'!$C$24,0) +IF(AND($A$4="Buzzwole",$I$10="Beast Boost KO",$K$10=TRUE),'Atk Speed Boosts'!$C$25,0) +IF(AND($A$4="Buzzwole",$I$11="Lunge",$K$11=TRUE,H4>6),'Atk Speed Boosts'!$C$26,0) +IF(AND($A$4="Ceruledge",$I$9="Take Down",$K$9=TRUE,H4<7),'Atk Speed Boosts'!$C$27,0) +IF(AND($A$4="Ceruledge",$I$10="Flame Charge",$K$10=TRUE,H4>6),'Atk Speed Boosts'!$C$28,0) +IF(AND($A$4="Cinderace",$I$9="Blaze",$K$9=TRUE),'Atk Speed Boosts'!$C$33,0) +IF(AND($A$4="Cinderace",$I$10="Blaze Kick+",$K$10=TRUE,H4>10),'Atk Speed Boosts'!$C$34,0) +IF(AND($A$4="Cinderace",$I$11="Unite Buff",$K$11=TRUE,H4>8),'Atk Speed Boosts'!$C$35,0) +IF(AND($A$4="Decidueye",$I$9="Auto Attack",$K$9=TRUE),'Atk Speed Boosts'!$C$41*$L$9,0) +IF(AND($A$4="Decidueye",$I$10="Leafage",$K$10=TRUE,H4<7),'Atk Speed Boosts'!$C$42,0) +IF(AND($A$4="Decidueye",$I$11="Razor Leaf",$K$11=TRUE,H4>6),'Atk Speed Boosts'!$C$43+'Atk Speed Boosts'!$D$43*(H4-1),0) +IF(AND($A$4="Dragapult",$I$9="Quick Attack",$K$9=TRUE,H4<5),'Atk Speed Boosts'!$C$47,0) +IF(AND($A$4="Dragapult",$I$10="Dragon Dance",$K$10=TRUE,H4>4),'Atk Speed Boosts'!$C$48,0) +IF(AND($A$4="Dragapult",$I$11="Phantom Force",$K$11=TRUE,H4>4),'Atk Speed Boosts'!$C$49,0) +IF(AND($A$4="Dragonite",$I$9="Dragon Dance",$K$9=TRUE,H4>4),'Atk Speed Boosts'!$C$50,0) +IF(AND($A$4="Dragonite",$I$10="Outrage",$K$10=TRUE,H4>7),'Atk Speed Boosts'!$C$51,0) +IF(AND($A$4="Dragonite",$I$11="Unite Buff",$K$11=TRUE,H4>8),'Atk Speed Boosts'!$C$52,0) +IF(AND($A$4="Duraludon",$I$9="Flash Cannon",$K$9=TRUE,H4>4),'Atk Speed Boosts'!$C$53-20*$L$9,0) +IF(AND($A$4="Duraludon",$I$10="Unite Buff",$K$10=TRUE,H4>8),'Atk Speed Boosts'!$C$54,0) +IF(AND($A$4="Empoleon",$I$9="Aqua Jet",$K$9=TRUE,H4>4),'Atk Speed Boosts'!$C$56,0) +IF(AND($A$4="Falinks",$I$9="Bulk Up",$K$9=TRUE,H4<6),'Atk Speed Boosts'!$C$58,0) +IF(AND($A$4="Feraligatr",$I$9="Crunch",$K$9=TRUE,H4<4),'Atk Speed Boosts'!$C$59,0) +IF(AND($A$4="Feraligatr",$I$9="Unite Buff",$K$9=TRUE,H4<8),'Atk Speed Boosts'!$C$60,0) +IF(AND($A$4="Garchomp",$I$9="Boosted Attack",$K$9=TRUE),'Atk Speed Boosts'!$C$61+'Atk Speed Boosts'!$D$61*(H4-1),0) +IF(AND($A$4="Garchomp",$I$10="Sand Attack",$K$10=TRUE,H4<5),'Atk Speed Boosts'!$C$62,0) +IF(AND($A$4="Glaceon",$I$9="Eevee Bond",$K$9=TRUE),'Atk Speed Boosts'!$C$65,0) +IF(AND($A$4="Glaceon",$I$10="Ice Shard",$K$10=TRUE,H4>5,H4<12),'Atk Speed Boosts'!$C$66,0) +IF(AND($A$4="Glaceon",$I$11="Ice Shard+",$K$11=TRUE,H4>11),'Atk Speed Boosts'!$C$67,0) +IF(AND($A$4="Glaceon",$I$12="Unite Buff",$K$12=TRUE,H4>7),'Atk Speed Boosts'!$C$68,0) +IF(AND($A$4="Greninja",$I$9="Unite Buff",$K$9=TRUE,H4>8),'Atk Speed Boosts'!$C$71,0) +IF(AND($A$4="Gyarados",$I$9="Evolution",$K$9=TRUE),'Atk Speed Boosts'!$C$72,0) +IF(AND($A$4="Gyarados",$I$10="Dragon Breath",$K$10=TRUE),'Atk Speed Boosts'!$C$73+'Atk Speed Boosts'!$D$73*$L$10,0) +IF(AND($A$4="Gyarados [Mega]",$I$9="Evolution",$K$9=TRUE),'Atk Speed Boosts'!$C$74,0) +IF(AND($A$4="Gyarados [Mega]",$I$10="Dragon Breath",$K$10=TRUE),'Atk Speed Boosts'!$C$75+'Atk Speed Boosts'!$D$75*$L$10,0) +IF(AND($A$4="Inteleon",$I$9="Unite Buff",$K$9=TRUE,H4>8),'Atk Speed Boosts'!$C$78,0) +IF(AND($A$4="Machamp",$I$9="Bulk Up",$K$9=TRUE,H4<5),'Atk Speed Boosts'!$C$85,0) +IF(AND($A$4="Machamp",$I$10="Submission",$K$10=TRUE,H4>4,H4<11),'Atk Speed Boosts'!$C$86,0) +IF(AND($A$4="Machamp",$I$11="Submission+",$K$11=TRUE,H4>10),'Atk Speed Boosts'!$C$87,0) +IF(AND($A$4="Machamp",$I$12="Unite Buff",$K$12=TRUE,H4>8),'Atk Speed Boosts'!$C$88,0) +IF(AND($A$4="Meowscarada",$I$9="Hone Claws",$K$9=TRUE,H4<7),'Atk Speed Boosts'!$C$91,0) +IF(AND($A$4="Meowscarada",$I$10="Trail Blaze",$K$10=TRUE,H4>6),'Atk Speed Boosts'!$C$92,0) +IF(AND($A$4="Mewtwo Y",$I$9="Pressure",$K$9=TRUE),'Atk Speed Boosts'!$C$97*$L$9,0) +IF(AND($A$4="Mewtwo Y",$I$10="Mega Evolution",$K$10=TRUE,H4>4),'Atk Speed Boosts'!$C$98,0) +IF(AND($A$4="Ninetales",$I$9="Aurora Veil",$K$9=TRUE,H4>5),'Atk Speed Boosts'!$C$103,0) +IF(AND($A$4="Pawmot",$I$9="Fighter Mode",$K$9=TRUE,H4>8),'Atk Speed Boosts'!$C$105*$L$9,0) +IF(AND($A$4="Pawmot",$I$10="Unite Buff",$K$10=TRUE,H4>8),'Atk Speed Boosts'!$C$105,0) +IF(AND($A$4="Raichu",$I$9="Stored Power",$K$9=TRUE,H4>4),'Atk Speed Boosts'!$C$110,0) +IF(AND($A$4="Raichu",$I$10="Unite Buff",$K$10=TRUE,H4>8),'Atk Speed Boosts'!$C$111,0) +IF(AND($A$4="Tsareena",$I$9="Triple Axel",$K$9=TRUE,H4>4),('Atk Speed Boosts'!$C$126+'Atk Speed Boosts'!$D$126*(H4-1))*$L$9,0) +IF(AND($A$4="Zacian",$I$9="Metal Claw",$K$9=TRUE,H4>4),'Atk Speed Boosts'!$C$135,0) +IF(AND($A$4="Zeraora",$I$9="Agility",$K$9=TRUE,H4<5),'Atk Speed Boosts'!$C$137,0) +IF(AND($A$4="Zeraora",$I$10="Volt Switch",$K$10=TRUE,H4>4,H4<11),'Atk Speed Boosts'!$C$138,0) +IF(AND($A$4="Zeraora",$I$11="Volt Switch+",$K$11=TRUE,H4>10),'Atk Speed Boosts'!$C$139,0) +IF(AND($A$4="Zeraora",$I$12="Unite Buff",$K$12=TRUE,H4>8),'Atk Speed Boosts'!$C$140,0) -> 35 | I6: =IF($G$9=TRUE,'Atk Speed Boosts'!$C$9,0) +IF($G$10=TRUE,'Atk Speed Boosts'!$C$10,0)+$G$11 +IF(AND($A$4="Absol",$I$9="Feint",$K$9=TRUE,I4<5),'Atk Speed Boosts'!$C$11,0) +IF(AND($A$4="Absol",$I$10="Night Slash",$K$10=TRUE,I4>4),'Atk Speed Boosts'!$C$12,0) +IF(AND($A$4="Absol",$I$11="Sucker Punch+",$K$11=TRUE,I4>12),'Atk Speed Boosts'!$C$13,0) +IF(AND($A$4="Aegislash",$I$9="Sword Stance",$K$9=TRUE,I4>6),'Atk Speed Boosts'!$C$14,0) +IF(AND($A$4="Aegislash",$I$10="Shield Stance",$K$10=TRUE,I4>6),'Atk Speed Boosts'!$C$15,0) +IF(AND($A$4="Aegislash",$I$11="Stance Change",$K$11=TRUE,I4>6),'Atk Speed Boosts'!$C$16,0) +IF(AND($A$4="Azumarill",$I$9="Aqua Tail",$K$9=TRUE,I4>3),'Atk Speed Boosts'!$C$20,0) +IF(AND($A$4="Blaziken",$I$9="Punch Style",$K$9=TRUE,OR(I4<5,I4>7)),'Atk Speed Boosts'!$C$22,0) +IF(AND($A$4="Buzzwole",$I$9="Beast Boost Assist",$K$9=TRUE),'Atk Speed Boosts'!$C$24,0) +IF(AND($A$4="Buzzwole",$I$10="Beast Boost KO",$K$10=TRUE),'Atk Speed Boosts'!$C$25,0) +IF(AND($A$4="Buzzwole",$I$11="Lunge",$K$11=TRUE,I4>6),'Atk Speed Boosts'!$C$26,0) +IF(AND($A$4="Ceruledge",$I$9="Take Down",$K$9=TRUE,I4<7),'Atk Speed Boosts'!$C$27,0) +IF(AND($A$4="Ceruledge",$I$10="Flame Charge",$K$10=TRUE,I4>6),'Atk Speed Boosts'!$C$28,0) +IF(AND($A$4="Cinderace",$I$9="Blaze",$K$9=TRUE),'Atk Speed Boosts'!$C$33,0) +IF(AND($A$4="Cinderace",$I$10="Blaze Kick+",$K$10=TRUE,I4>10),'Atk Speed Boosts'!$C$34,0) +IF(AND($A$4="Cinderace",$I$11="Unite Buff",$K$11=TRUE,I4>8),'Atk Speed Boosts'!$C$35,0) +IF(AND($A$4="Decidueye",$I$9="Auto Attack",$K$9=TRUE),'Atk Speed Boosts'!$C$41*$L$9,0) +IF(AND($A$4="Decidueye",$I$10="Leafage",$K$10=TRUE,I4<7),'Atk Speed Boosts'!$C$42,0) +IF(AND($A$4="Decidueye",$I$11="Razor Leaf",$K$11=TRUE,I4>6),'Atk Speed Boosts'!$C$43+'Atk Speed Boosts'!$D$43*(I4-1),0) +IF(AND($A$4="Dragapult",$I$9="Quick Attack",$K$9=TRUE,I4<5),'Atk Speed Boosts'!$C$47,0) +IF(AND($A$4="Dragapult",$I$10="Dragon Dance",$K$10=TRUE,I4>4),'Atk Speed Boosts'!$C$48,0) +IF(AND($A$4="Dragapult",$I$11="Phantom Force",$K$11=TRUE,I4>4),'Atk Speed Boosts'!$C$49,0) +IF(AND($A$4="Dragonite",$I$9="Dragon Dance",$K$9=TRUE,I4>4),'Atk Speed Boosts'!$C$50,0) +IF(AND($A$4="Dragonite",$I$10="Outrage",$K$10=TRUE,I4>7),'Atk Speed Boosts'!$C$51,0) +IF(AND($A$4="Dragonite",$I$11="Unite Buff",$K$11=TRUE,I4>8),'Atk Speed Boosts'!$C$52,0) +IF(AND($A$4="Duraludon",$I$9="Flash Cannon",$K$9=TRUE,I4>4),'Atk Speed Boosts'!$C$53-20*$L$9,0) +IF(AND($A$4="Duraludon",$I$10="Unite Buff",$K$10=TRUE,I4>8),'Atk Speed Boosts'!$C$54,0) +IF(AND($A$4="Empoleon",$I$9="Aqua Jet",$K$9=TRUE,I4>4),'Atk Speed Boosts'!$C$56,0) +IF(AND($A$4="Falinks",$I$9="Bulk Up",$K$9=TRUE,I4<6),'Atk Speed Boosts'!$C$58,0) +IF(AND($A$4="Feraligatr",$I$9="Crunch",$K$9=TRUE,I4<4),'Atk Speed Boosts'!$C$59,0) +IF(AND($A$4="Feraligatr",$I$9="Unite Buff",$K$9=TRUE,I4<8),'Atk Speed Boosts'!$C$60,0) +IF(AND($A$4="Garchomp",$I$9="Boosted Attack",$K$9=TRUE),'Atk Speed Boosts'!$C$61+'Atk Speed Boosts'!$D$61*(I4-1),0) +IF(AND($A$4="Garchomp",$I$10="Sand Attack",$K$10=TRUE,I4<5),'Atk Speed Boosts'!$C$62,0) +IF(AND($A$4="Glaceon",$I$9="Eevee Bond",$K$9=TRUE),'Atk Speed Boosts'!$C$65,0) +IF(AND($A$4="Glaceon",$I$10="Ice Shard",$K$10=TRUE,I4>5,I4<12),'Atk Speed Boosts'!$C$66,0) +IF(AND($A$4="Glaceon",$I$11="Ice Shard+",$K$11=TRUE,I4>11),'Atk Speed Boosts'!$C$67,0) +IF(AND($A$4="Glaceon",$I$12="Unite Buff",$K$12=TRUE,I4>7),'Atk Speed Boosts'!$C$68,0) +IF(AND($A$4="Greninja",$I$9="Unite Buff",$K$9=TRUE,I4>8),'Atk Speed Boosts'!$C$71,0) +IF(AND($A$4="Gyarados",$I$9="Evolution",$K$9=TRUE),'Atk Speed Boosts'!$C$72,0) +IF(AND($A$4="Gyarados",$I$10="Dragon Breath",$K$10=TRUE),'Atk Speed Boosts'!$C$73+'Atk Speed Boosts'!$D$73*$L$10,0) +IF(AND($A$4="Gyarados [Mega]",$I$9="Evolution",$K$9=TRUE),'Atk Speed Boosts'!$C$74,0) +IF(AND($A$4="Gyarados [Mega]",$I$10="Dragon Breath",$K$10=TRUE),'Atk Speed Boosts'!$C$75+'Atk Speed Boosts'!$D$75*$L$10,0) +IF(AND($A$4="Inteleon",$I$9="Unite Buff",$K$9=TRUE,I4>8),'Atk Speed Boosts'!$C$78,0) +IF(AND($A$4="Machamp",$I$9="Bulk Up",$K$9=TRUE,I4<5),'Atk Speed Boosts'!$C$85,0) +IF(AND($A$4="Machamp",$I$10="Submission",$K$10=TRUE,I4>4,I4<11),'Atk Speed Boosts'!$C$86,0) +IF(AND($A$4="Machamp",$I$11="Submission+",$K$11=TRUE,I4>10),'Atk Speed Boosts'!$C$87,0) +IF(AND($A$4="Machamp",$I$12="Unite Buff",$K$12=TRUE,I4>8),'Atk Speed Boosts'!$C$88,0) +IF(AND($A$4="Meowscarada",$I$9="Hone Claws",$K$9=TRUE,I4<7),'Atk Speed Boosts'!$C$91,0) +IF(AND($A$4="Meowscarada",$I$10="Trail Blaze",$K$10=TRUE,I4>6),'Atk Speed Boosts'!$C$92,0) +IF(AND($A$4="Mewtwo Y",$I$9="Pressure",$K$9=TRUE),'Atk Speed Boosts'!$C$97*$L$9,0) +IF(AND($A$4="Mewtwo Y",$I$10="Mega Evolution",$K$10=TRUE,I4>4),'Atk Speed Boosts'!$C$98,0) +IF(AND($A$4="Ninetales",$I$9="Aurora Veil",$K$9=TRUE,I4>5),'Atk Speed Boosts'!$C$103,0) +IF(AND($A$4="Pawmot",$I$9="Fighter Mode",$K$9=TRUE,I4>8),'Atk Speed Boosts'!$C$105*$L$9,0) +IF(AND($A$4="Pawmot",$I$10="Unite Buff",$K$10=TRUE,I4>8),'Atk Speed Boosts'!$C$105,0) +IF(AND($A$4="Raichu",$I$9="Stored Power",$K$9=TRUE,I4>4),'Atk Speed Boosts'!$C$110,0) +IF(AND($A$4="Raichu",$I$10="Unite Buff",$K$10=TRUE,I4>8),'Atk Speed Boosts'!$C$111,0) +IF(AND($A$4="Tsareena",$I$9="Triple Axel",$K$9=TRUE,I4>4),('Atk Speed Boosts'!$C$126+'Atk Speed Boosts'!$D$126*(I4-1))*$L$9,0) +IF(AND($A$4="Zacian",$I$9="Metal Claw",$K$9=TRUE,I4>4),'Atk Speed Boosts'!$C$135,0) +IF(AND($A$4="Zeraora",$I$9="Agility",$K$9=TRUE,I4<5),'Atk Speed Boosts'!$C$137,0) +IF(AND($A$4="Zeraora",$I$10="Volt Switch",$K$10=TRUE,I4>4,I4<11),'Atk Speed Boosts'!$C$138,0) +IF(AND($A$4="Zeraora",$I$11="Volt Switch+",$K$11=TRUE,I4>10),'Atk Speed Boosts'!$C$139,0) +IF(AND($A$4="Zeraora",$I$12="Unite Buff",$K$12=TRUE,I4>8),'Atk Speed Boosts'!$C$140,0) -> 35 | ... P6: =IF($G$9=TRUE,'Atk Speed Boosts'!$C$9,0) +IF($G$10=TRUE,'Atk Speed Boosts'!$C$10,0)+$G$11 +IF(AND($A$4="Absol",$I$9="Feint",$K$9=TRUE,P4<5),'Atk Speed Boosts'!$C$11,0) +IF(AND($A$4="Absol",$I$10="Night Slash",$K$10=TRUE,P4>4),'Atk Speed Boosts'!$C$12,0) +IF(AND($A$4="Absol",$I$11="Sucker Punch+",$K$11=TRUE,P4>12),'Atk Speed Boosts'!$C$13,0) +IF(AND($A$4="Aegislash",$I$9="Sword Stance",$K$9=TRUE,P4>6),'Atk Speed Boosts'!$C$14,0) +IF(AND($A$4="Aegislash",$I$10="Shield Stance",$K$10=TRUE,P4>6),'Atk Speed Boosts'!$C$15,0) +IF(AND($A$4="Aegislash",$I$11="Stance Change",$K$11=TRUE,P4>6),'Atk Speed Boosts'!$C$16,0) +IF(AND($A$4="Azumarill",$I$9="Aqua Tail",$K$9=TRUE,P4>3),'Atk Speed Boosts'!$C$20,0) +IF(AND($A$4="Blaziken",$I$9="Punch Style",$K$9=TRUE,OR(P4<5,P4>7)),'Atk Speed Boosts'!$C$22,0) +IF(AND($A$4="Buzzwole",$I$9="Beast Boost Assist",$K$9=TRUE),'Atk Speed Boosts'!$C$24,0) +IF(AND($A$4="Buzzwole",$I$10="Beast Boost KO",$K$10=TRUE),'Atk Speed Boosts'!$C$25,0) +IF(AND($A$4="Buzzwole",$I$11="Lunge",$K$11=TRUE,P4>6),'Atk Speed Boosts'!$C$26,0) +IF(AND($A$4="Ceruledge",$I$9="Take Down",$K$9=TRUE,P4<7),'Atk Speed Boosts'!$C$27,0) +IF(AND($A$4="Ceruledge",$I$10="Flame Charge",$K$10=TRUE,P4>6),'Atk Speed Boosts'!$C$28,0) +IF(AND($A$4="Cinderace",$I$9="Blaze",$K$9=TRUE),'Atk Speed Boosts'!$C$33,0) +IF(AND($A$4="Cinderace",$I$10="Blaze Kick+",$K$10=TRUE,P4>10),'Atk Speed Boosts'!$C$34,0) +IF(AND($A$4="Cinderace",$I$11="Unite Buff",$K$11=TRUE,P4>8),'Atk Speed Boosts'!$C$35,0) +IF(AND($A$4="Decidueye",$I$9="Auto Attack",$K$9=TRUE),'Atk Speed Boosts'!$C$41*$L$9,0) +IF(AND($A$4="Decidueye",$I$10="Leafage",$K$10=TRUE,P4<7),'Atk Speed Boosts'!$C$42,0) +IF(AND($A$4="Decidueye",$I$11="Razor Leaf",$K$11=TRUE,P4>6),'Atk Speed Boosts'!$C$43+'Atk Speed Boosts'!$D$43*(P4-1),0) +IF(AND($A$4="Dragapult",$I$9="Quick Attack",$K$9=TRUE,P4<5),'Atk Speed Boosts'!$C$47,0) +IF(AND($A$4="Dragapult",$I$10="Dragon Dance",$K$10=TRUE,P4>4),'Atk Speed Boosts'!$C$48,0) +IF(AND($A$4="Dragapult",$I$11="Phantom Force",$K$11=TRUE,P4>4),'Atk Speed Boosts'!$C$49,0) +IF(AND($A$4="Dragonite",$I$9="Dragon Dance",$K$9=TRUE,P4>4),'Atk Speed Boosts'!$C$50,0) +IF(AND($A$4="Dragonite",$I$10="Outrage",$K$10=TRUE,P4>7),'Atk Speed Boosts'!$C$51,0) +IF(AND($A$4="Dragonite",$I$11="Unite Buff",$K$11=TRUE,P4>8),'Atk Speed Boosts'!$C$52,0) +IF(AND($A$4="Duraludon",$I$9="Flash Cannon",$K$9=TRUE,P4>4),'Atk Speed Boosts'!$C$53-20*$L$9,0) +IF(AND($A$4="Duraludon",$I$10="Unite Buff",$K$10=TRUE,P4>8),'Atk Speed Boosts'!$C$54,0) +IF(AND($A$4="Empoleon",$I$9="Aqua Jet",$K$9=TRUE,P4>4),'Atk Speed Boosts'!$C$56,0) +IF(AND($A$4="Falinks",$I$9="Bulk Up",$K$9=TRUE,P4<6),'Atk Speed Boosts'!$C$58,0) +IF(AND($A$4="Feraligatr",$I$9="Crunch",$K$9=TRUE,P4<4),'Atk Speed Boosts'!$C$59,0) +IF(AND($A$4="Feraligatr",$I$9="Unite Buff",$K$9=TRUE,P4<8),'Atk Speed Boosts'!$C$60,0) +IF(AND($A$4="Garchomp",$I$9="Boosted Attack",$K$9=TRUE),'Atk Speed Boosts'!$C$61+'Atk Speed Boosts'!$D$61*(P4-1),0) +IF(AND($A$4="Garchomp",$I$10="Sand Attack",$K$10=TRUE,P4<5),'Atk Speed Boosts'!$C$62,0) +IF(AND($A$4="Glaceon",$I$9="Eevee Bond",$K$9=TRUE),'Atk Speed Boosts'!$C$65,0) +IF(AND($A$4="Glaceon",$I$10="Ice Shard",$K$10=TRUE,P4>5,P4<12),'Atk Speed Boosts'!$C$66,0) +IF(AND($A$4="Glaceon",$I$11="Ice Shard+",$K$11=TRUE,P4>11),'Atk Speed Boosts'!$C$67,0) +IF(AND($A$4="Glaceon",$I$12="Unite Buff",$K$12=TRUE,P4>7),'Atk Speed Boosts'!$C$68,0) +IF(AND($A$4="Greninja",$I$9="Unite Buff",$K$9=TRUE,P4>8),'Atk Speed Boosts'!$C$71,0) +IF(AND($A$4="Gyarados",$I$9="Evolution",$K$9=TRUE),'Atk Speed Boosts'!$C$72,0) +IF(AND($A$4="Gyarados",$I$10="Dragon Breath",$K$10=TRUE),'Atk Speed Boosts'!$C$73+'Atk Speed Boosts'!$D$73*$L$10,0) +IF(AND($A$4="Gyarados [Mega]",$I$9="Evolution",$K$9=TRUE),'Atk Speed Boosts'!$C$74,0) +IF(AND($A$4="Gyarados [Mega]",$I$10="Dragon Breath",$K$10=TRUE),'Atk Speed Boosts'!$C$75+'Atk Speed Boosts'!$D$75*$L$10,0) +IF(AND($A$4="Inteleon",$I$9="Unite Buff",$K$9=TRUE,P4>8),'Atk Speed Boosts'!$C$78,0) +IF(AND($A$4="Machamp",$I$9="Bulk Up",$K$9=TRUE,P4<5),'Atk Speed Boosts'!$C$85,0) +IF(AND($A$4="Machamp",$I$10="Submission",$K$10=TRUE,P4>4,P4<11),'Atk Speed Boosts'!$C$86,0) +IF(AND($A$4="Machamp",$I$11="Submission+",$K$11=TRUE,P4>10),'Atk Speed Boosts'!$C$87,0) +IF(AND($A$4="Machamp",$I$12="Unite Buff",$K$12=TRUE,P4>8),'Atk Speed Boosts'!$C$88,0) +IF(AND($A$4="Meowscarada",$I$9="Hone Claws",$K$9=TRUE,P4<7),'Atk Speed Boosts'!$C$91,0) +IF(AND($A$4="Meowscarada",$I$10="Trail Blaze",$K$10=TRUE,P4>6),'Atk Speed Boosts'!$C$92,0) +IF(AND($A$4="Mewtwo Y",$I$9="Pressure",$K$9=TRUE),'Atk Speed Boosts'!$C$97*$L$9,0) +IF(AND($A$4="Mewtwo Y",$I$10="Mega Evolution",$K$10=TRUE,P4>4),'Atk Speed Boosts'!$C$98,0) +IF(AND($A$4="Ninetales",$I$9="Aurora Veil",$K$9=TRUE,P4>5),'Atk Speed Boosts'!$C$103,0) +IF(AND($A$4="Pawmot",$I$9="Fighter Mode",$K$9=TRUE,P4>8),'Atk Speed Boosts'!$C$105*$L$9,0) +IF(AND($A$4="Pawmot",$I$10="Unite Buff",$K$10=TRUE,P4>8),'Atk Speed Boosts'!$C$105,0) +IF(AND($A$4="Raichu",$I$9="Stored Power",$K$9=TRUE,P4>4),'Atk Speed Boosts'!$C$110,0) +IF(AND($A$4="Raichu",$I$10="Unite Buff",$K$10=TRUE,P4>8),'Atk Speed Boosts'!$C$111,0) +IF(AND($A$4="Tsareena",$I$9="Triple Axel",$K$9=TRUE,P4>4),('Atk Speed Boosts'!$C$126+'Atk Speed Boosts'!$D$126*(P4-1))*$L$9,0) +IF(AND($A$4="Zacian",$I$9="Metal Claw",$K$9=TRUE,P4>4),'Atk Speed Boosts'!$C$135,0) +IF(AND($A$4="Zeraora",$I$9="Agility",$K$9=TRUE,P4<5),'Atk Speed Boosts'!$C$137,0) +IF(AND($A$4="Zeraora",$I$10="Volt Switch",$K$10=TRUE,P4>4,P4<11),'Atk Speed Boosts'!$C$138,0) +IF(AND($A$4="Zeraora",$I$11="Volt Switch+",$K$11=TRUE,P4>10),'Atk Speed Boosts'!$C$139,0) +IF(AND($A$4="Zeraora",$I$12="Unite Buff",$K$12=TRUE,P4>8),'Atk Speed Boosts'!$C$140,0) -> 35
A7: Multiplicative Attack Speed | B7: =$G$12 -> 0 | C7: =$G$12 -> 0 | D7: =$G$12 -> 0 | E7: =$G$12 -> 0 | F7: =$G$12 -> 0 | G7: =$G$12 -> 0 | H7: =$G$12 -> 0 | I7: =$G$12 -> 0 | ... P7: =$G$12 -> 0
A9: Items | B9: Build A | C9: Build B | D9: Universal Attack Speed Boost Effects | E9: Blissey Helping Hand | G9: FALSE | H9: Attack Speed Boost Effects | I9: =IFERROR(__xludf.DUMMYFUNCTION("FILTER('Atk Speed Boosts'!B:B,'Atk Speed Boosts'!A:A=A4)"),"Pressure") -> Pressure | K9: FALSE | L9: 0 | N9: =IF($A$4="Charizard","Charizard's auto attack speed is locked to 76 Frames","") & IF($A$4="Charizard [Mega X]","Charizard's auto attack speed is locked to 76 Frames","") & IF($A$4="Charizard [Mega Y]","Charizard's auto attack speed is locked to 76 Frames","")
A10: X-Atk | B10: FALSE | C10: FALSE | E10: Mew Coaching | G10: FALSE | I10: =IFERROR(__xludf.DUMMYFUNCTION("""COMPUTED_VALUE"""),"Mega Evolution") -> Mega Evolution | K10: TRUE | L10: 0
A11: Muscle Band | B11: TRUE | C11: TRUE | E11: Other (Additive) | G11: 0 | K11: FALSE | L11: 0
A12: Rapid Fire Scarf | B12: FALSE | C12: TRUE | E12: Other (Multiplier) | G12: 0 | K12: FALSE | L12: 0
A13: Rapid Fire Scarf Proc | B13: FALSE | C13: FALSE | K13: FALSE | L13: 0
A14: Choice Scarf | B14: FALSE | C14: FALSE | K14: FALSE | L14: 0
A15: Red Emblems | B15: - | C15: - | K15: FALSE | L15: 0
A17: Total Attack Speed | B17: 1 | C17: 2 | D17: 3 | E17: 4 | F17: 5 | G17: 6 | H17: 7 | I17: 8 | J17: 9 | K17: 10 | L17: 11 | M17: 12 | N17: 13 | O17: 14 | P17: 15
A18: No Items | B18: {=(B5:P5+B6:P6)*(1+B7:P7)} -> 10 | C18: 11.42 | D18: 12.99 | E18: 14.71 | F18: 51.6 | G18: 53.68 | H18: 55.97 | I18: 58.49 | J18: 61.27 | K18: 64.34 | L18: 67.72 | M18: 71.44 | N18: 75.53 | O18: 80.03 | P18: 84.99
A19: Build A | B19: {=(B5:P5+B6:P6+IF($B$10,'Atk Speed Boosts'!$C$1,0)+IF($B$11,'Atk Speed Boosts'!$C$2,0)+IF($B$12,'Atk Speed Boosts'!$C$3,0)+IF($B$13,'Atk Speed Boosts'!$C$4,0)+IF($B$14,'Atk Speed Boosts'!$C$5,0)+IF($B$15="Red 3",'Atk Speed Boosts'!$C$6,0)+IF($B$15="Red 5",'Atk Speed Boosts'!$C$7,0)+IF($B$15="Red 7",'Atk Speed Boosts'!$C$8,0)) * (1+B7:P7)} -> 18.75 | C19: 20.17 | D19: 21.74 | E19: 23.46 | F19: 60.35 | G19: 62.43 | H19: 64.72 | I19: 67.24 | J19: 70.02 | K19: 73.09 | L19: 76.47 | M19: 80.19 | N19: 84.28 | O19: 88.78 | P19: 93.74
A20: Build B | B20: {=(B5:P5+B6:P6+IF($C$10,'Atk Speed Boosts'!$C$1,0)+IF($C$11,'Atk Speed Boosts'!$C$2,0)+IF($C$12,'Atk Speed Boosts'!$C$3,0)+IF($C$13,'Atk Speed Boosts'!$C$4,0)+IF($C$14,'Atk Speed Boosts'!$C$5,0)+IF($C$15="Red 3",'Atk Speed Boosts'!$C$6,0)+IF($C$15="Red 5",'Atk Speed Boosts'!$C$7,0)+IF($C$15="Red 7",'Atk Speed Boosts'!$C$8,0)) * (1+B7:P7)} -> 29.25 | C20: 30.67 | D20: 32.24 | E20: 33.96 | F20: 70.85 | G20: 72.93 | H20: 75.22 | I20: 77.74 | J20: 80.52 | K20: 83.59 | L20: 86.97 | M20: 90.69 | N20: 94.78 | O20: 99.28 | P20: 104.24
A22: Attack Speed Frames | B22: 1 | C22: 2 | D22: 3 | E22: 4 | F22: 5 | G22: 6 | H22: 7 | I22: 8 | J22: 9 | K22: 10 | L22: 11 | M22: 12 | N22: 13 | O22: 14 | P22: 15
A23: No Items | B23: =IFS(B18 > 272.5, 16, B18 > 202.4, 20, B18 > 151.81, 24, B18 > 115.99, 28, B18 > 89.04, 32, B18 > 68.05, 36, B18 > 51.29, 40, B18 > 37.56, 44, B18 > 26.11, 48, B18 > 16.42, 52, B18 > 8.1, 56, B18 >= 0, 60, B18 < 0 , 60) -> 56 | C23: =IFS(C18 > 272.5, 16, C18 > 202.4, 20, C18 > 151.81, 24, C18 > 115.99, 28, C18 > 89.04, 32, C18 > 68.05, 36, C18 > 51.29, 40, C18 > 37.56, 44, C18 > 26.11, 48, C18 > 16.42, 52, C18 > 8.1, 56, C18 >= 0, 60, C18 < 0 , 60) -> 56 | D23: =IFS(D18 > 272.5, 16, D18 > 202.4, 20, D18 > 151.81, 24, D18 > 115.99, 28, D18 > 89.04, 32, D18 > 68.05, 36, D18 > 51.29, 40, D18 > 37.56, 44, D18 > 26.11, 48, D18 > 16.42, 52, D18 > 8.1, 56, D18 >= 0, 60, D18 < 0 , 60) -> 56 | E23: =IFS(E18 > 272.5, 16, E18 > 202.4, 20, E18 > 151.81, 24, E18 > 115.99, 28, E18 > 89.04, 32, E18 > 68.05, 36, E18 > 51.29, 40, E18 > 37.56, 44, E18 > 26.11, 48, E18 > 16.42, 52, E18 > 8.1, 56, E18 >= 0, 60, E18 < 0 , 60) -> 56 | F23: =IFS(F18 > 272.5, 16, F18 > 202.4, 20, F18 > 151.81, 24, F18 > 115.99, 28, F18 > 89.04, 32, F18 > 68.05, 36, F18 > 51.29, 40, F18 > 37.56, 44, F18 > 26.11, 48, F18 > 16.42, 52, F18 > 8.1, 56, F18 >= 0, 60, F18 < 0 , 60) -> 40 | G23: =IFS(G18 > 272.5, 16, G18 > 202.4, 20, G18 > 151.81, 24, G18 > 115.99, 28, G18 > 89.04, 32, G18 > 68.05, 36, G18 > 51.29, 40, G18 > 37.56, 44, G18 > 26.11, 48, G18 > 16.42, 52, G18 > 8.1, 56, G18 >= 0, 60, G18 < 0 , 60) -> 40 | H23: =IFS(H18 > 272.5, 16, H18 > 202.4, 20, H18 > 151.81, 24, H18 > 115.99, 28, H18 > 89.04, 32, H18 > 68.05, 36, H18 > 51.29, 40, H18 > 37.56, 44, H18 > 26.11, 48, H18 > 16.42, 52, H18 > 8.1, 56, H18 >= 0, 60, H18 < 0 , 60) -> 40 | I23: =IFS(I18 > 272.5, 16, I18 > 202.4, 20, I18 > 151.81, 24, I18 > 115.99, 28, I18 > 89.04, 32, I18 > 68.05, 36, I18 > 51.29, 40, I18 > 37.56, 44, I18 > 26.11, 48, I18 > 16.42, 52, I18 > 8.1, 56, I18 >= 0, 60, I18 < 0 , 60) -> 40 | ... P23: =IFS(P18 > 272.5, 16, P18 > 202.4, 20, P18 > 151.81, 24, P18 > 115.99, 28, P18 > 89.04, 32, P18 > 68.05, 36, P18 > 51.29, 40, P18 > 37.56, 44, P18 > 26.11, 48, P18 > 16.42, 52, P18 > 8.1, 56, P18 >= 0, 60, P18 < 0 , 60) -> 36
A24: Build A | B24: =IFS(B19 > 272.5, 16, B19 > 202.4, 20, B19 > 151.81, 24, B19 > 115.99, 28, B19 > 89.04, 32, B19 > 68.05, 36, B19 > 51.29, 40, B19 > 37.56, 44, B19 > 26.11, 48, B19 > 16.42, 52, B19 > 8.1, 56, B19 >= 0, 60, B19 < 0 , 60) -> 52 | C24: =IFS(C19 > 272.5, 16, C19 > 202.4, 20, C19 > 151.81, 24, C19 > 115.99, 28, C19 > 89.04, 32, C19 > 68.05, 36, C19 > 51.29, 40, C19 > 37.56, 44, C19 > 26.11, 48, C19 > 16.42, 52, C19 > 8.1, 56, C19 >= 0, 60, C19 < 0 , 60) -> 52 | D24: =IFS(D19 > 272.5, 16, D19 > 202.4, 20, D19 > 151.81, 24, D19 > 115.99, 28, D19 > 89.04, 32, D19 > 68.05, 36, D19 > 51.29, 40, D19 > 37.56, 44, D19 > 26.11, 48, D19 > 16.42, 52, D19 > 8.1, 56, D19 >= 0, 60, D19 < 0 , 60) -> 52 | E24: =IFS(E19 > 272.5, 16, E19 > 202.4, 20, E19 > 151.81, 24, E19 > 115.99, 28, E19 > 89.04, 32, E19 > 68.05, 36, E19 > 51.29, 40, E19 > 37.56, 44, E19 > 26.11, 48, E19 > 16.42, 52, E19 > 8.1, 56, E19 >= 0, 60, E19 < 0 , 60) -> 52 | F24: =IFS(F19 > 272.5, 16, F19 > 202.4, 20, F19 > 151.81, 24, F19 > 115.99, 28, F19 > 89.04, 32, F19 > 68.05, 36, F19 > 51.29, 40, F19 > 37.56, 44, F19 > 26.11, 48, F19 > 16.42, 52, F19 > 8.1, 56, F19 >= 0, 60, F19 < 0 , 60) -> 40 | G24: =IFS(G19 > 272.5, 16, G19 > 202.4, 20, G19 > 151.81, 24, G19 > 115.99, 28, G19 > 89.04, 32, G19 > 68.05, 36, G19 > 51.29, 40, G19 > 37.56, 44, G19 > 26.11, 48, G19 > 16.42, 52, G19 > 8.1, 56, G19 >= 0, 60, G19 < 0 , 60) -> 40 | H24: =IFS(H19 > 272.5, 16, H19 > 202.4, 20, H19 > 151.81, 24, H19 > 115.99, 28, H19 > 89.04, 32, H19 > 68.05, 36, H19 > 51.29, 40, H19 > 37.56, 44, H19 > 26.11, 48, H19 > 16.42, 52, H19 > 8.1, 56, H19 >= 0, 60, H19 < 0 , 60) -> 40 | I24: =IFS(I19 > 272.5, 16, I19 > 202.4, 20, I19 > 151.81, 24, I19 > 115.99, 28, I19 > 89.04, 32, I19 > 68.05, 36, I19 > 51.29, 40, I19 > 37.56, 44, I19 > 26.11, 48, I19 > 16.42, 52, I19 > 8.1, 56, I19 >= 0, 60, I19 < 0 , 60) -> 40 | ... P24: =IFS(P19 > 272.5, 16, P19 > 202.4, 20, P19 > 151.81, 24, P19 > 115.99, 28, P19 > 89.04, 32, P19 > 68.05, 36, P19 > 51.29, 40, P19 > 37.56, 44, P19 > 26.11, 48, P19 > 16.42, 52, P19 > 8.1, 56, P19 >= 0, 60, P19 < 0 , 60) -> 32
A25: Build B | B25: =IFS(B20 > 272.5, 16, B20 > 202.4, 20, B20 > 151.81, 24, B20 > 115.99, 28, B20 > 89.04, 32, B20 > 68.05, 36, B20 > 51.29, 40, B20 > 37.56, 44, B20 > 26.11, 48, B20 > 16.42, 52, B20 > 8.1, 56, B20 >= 0, 60, B20 < 0 , 60) -> 48 | C25: =IFS(C20 > 272.5, 16, C20 > 202.4, 20, C20 > 151.81, 24, C20 > 115.99, 28, C20 > 89.04, 32, C20 > 68.05, 36, C20 > 51.29, 40, C20 > 37.56, 44, C20 > 26.11, 48, C20 > 16.42, 52, C20 > 8.1, 56, C20 >= 0, 60, C20 < 0 , 60) -> 48 | D25: =IFS(D20 > 272.5, 16, D20 > 202.4, 20, D20 > 151.81, 24, D20 > 115.99, 28, D20 > 89.04, 32, D20 > 68.05, 36, D20 > 51.29, 40, D20 > 37.56, 44, D20 > 26.11, 48, D20 > 16.42, 52, D20 > 8.1, 56, D20 >= 0, 60, D20 < 0 , 60) -> 48 | E25: =IFS(E20 > 272.5, 16, E20 > 202.4, 20, E20 > 151.81, 24, E20 > 115.99, 28, E20 > 89.04, 32, E20 > 68.05, 36, E20 > 51.29, 40, E20 > 37.56, 44, E20 > 26.11, 48, E20 > 16.42, 52, E20 > 8.1, 56, E20 >= 0, 60, E20 < 0 , 60) -> 48 | F25: =IFS(F20 > 272.5, 16, F20 > 202.4, 20, F20 > 151.81, 24, F20 > 115.99, 28, F20 > 89.04, 32, F20 > 68.05, 36, F20 > 51.29, 40, F20 > 37.56, 44, F20 > 26.11, 48, F20 > 16.42, 52, F20 > 8.1, 56, F20 >= 0, 60, F20 < 0 , 60) -> 36 | G25: =IFS(G20 > 272.5, 16, G20 > 202.4, 20, G20 > 151.81, 24, G20 > 115.99, 28, G20 > 89.04, 32, G20 > 68.05, 36, G20 > 51.29, 40, G20 > 37.56, 44, G20 > 26.11, 48, G20 > 16.42, 52, G20 > 8.1, 56, G20 >= 0, 60, G20 < 0 , 60) -> 36 | H25: =IFS(H20 > 272.5, 16, H20 > 202.4, 20, H20 > 151.81, 24, H20 > 115.99, 28, H20 > 89.04, 32, H20 > 68.05, 36, H20 > 51.29, 40, H20 > 37.56, 44, H20 > 26.11, 48, H20 > 16.42, 52, H20 > 8.1, 56, H20 >= 0, 60, H20 < 0 , 60) -> 36 | I25: =IFS(I20 > 272.5, 16, I20 > 202.4, 20, I20 > 151.81, 24, I20 > 115.99, 28, I20 > 89.04, 32, I20 > 68.05, 36, I20 > 51.29, 40, I20 > 37.56, 44, I20 > 26.11, 48, I20 > 16.42, 52, I20 > 8.1, 56, I20 >= 0, 60, I20 < 0 , 60) -> 36 | ... P25: =IFS(P20 > 272.5, 16, P20 > 202.4, 20, P20 > 151.81, 24, P20 > 115.99, 28, P20 > 89.04, 32, P20 > 68.05, 36, P20 > 51.29, 40, P20 > 37.56, 44, P20 > 26.11, 48, P20 > 16.42, 52, P20 > 8.1, 56, P20 >= 0, 60, P20 < 0 , 60) -> 32
A26: ="Amount of Levels it matters: " & COUNTIF(B26:P26,"Faster") -> Amount of Levels it matters: 11 | B26: =IF(B24>B25,"Faster","No Benefit") -> Faster | C26: =IF(C24>C25,"Faster","No Benefit") -> Faster | D26: =IF(D24>D25,"Faster","No Benefit") -> Faster | E26: =IF(E24>E25,"Faster","No Benefit") -> Faster | F26: =IF(F24>F25,"Faster","No Benefit") -> Faster | G26: =IF(G24>G25,"Faster","No Benefit") -> Faster | H26: =IF(H24>H25,"Faster","No Benefit") -> Faster | I26: =IF(I24>I25,"Faster","No Benefit") -> Faster | ... P26: =IF(P24>P25,"Faster","No Benefit") -> No Benefit
A28: vvvvv Attack Speed Heatmap vvvvv
A29: =IF(OR($B$10,$C$10),"X-Atk:On ","X-Atk:Off ") & IF(OR($B$13,$C$13),"RFS Proc:On","RFS Proc:Off") -> X-Atk:Off RFS Proc:Off | B29: Base AS | C29: R3 | D29: R5 | E29: R7 | F29: MB/CS | G29: RFS | H29: R3 +MB/CS | I29: R3 +RFS | J29: R5 +MB/CS | K29: R5 +RFS | L29: R7 +MB/CS | M29: R7 +RFS | N29: RFS +MB/CS | O29: R3 +RFS +MB/CS | P29: R5 +RFS +MB/CS | Q29: R7 +RFS +MB/CS | R29: RFS +MB +CS | S29: R3 +RFS +MB +CS | T29: R5 +RFS +MB +CS | U29: R7 +RFS +MB +CS
A30: Level 1 | B30: =IFS(B48 > 272.5, 16, B48 > 202.4, 20, B48 > 151.81, 24, B48 > 115.99, 28, B48 > 89.04, 32, B48 > 68.05, 36, B48 > 51.29, 40, B48 > 37.56, 44, B48 > 26.11, 48, B48 > 16.42, 52, B48 > 8.1, 56, B48 >= 0, 60, B48 < 0 , 60) -> 56 | C30: =IFS(C48 > 272.5, 16, C48 > 202.4, 20, C48 > 151.81, 24, C48 > 115.99, 28, C48 > 89.04, 32, C48 > 68.05, 36, C48 > 51.29, 40, C48 > 37.56, 44, C48 > 26.11, 48, C48 > 16.42, 52, C48 > 8.1, 56, C48 >= 0, 60, C48 < 0 , 60) -> 56 | D30: =IFS(D48 > 272.5, 16, D48 > 202.4, 20, D48 > 151.81, 24, D48 > 115.99, 28, D48 > 89.04, 32, D48 > 68.05, 36, D48 > 51.29, 40, D48 > 37.56, 44, D48 > 26.11, 48, D48 > 16.42, 52, D48 > 8.1, 56, D48 >= 0, 60, D48 < 0 , 60) -> 56 | E30: =IFS(E48 > 272.5, 16, E48 > 202.4, 20, E48 > 151.81, 24, E48 > 115.99, 28, E48 > 89.04, 32, E48 > 68.05, 36, E48 > 51.29, 40, E48 > 37.56, 44, E48 > 26.11, 48, E48 > 16.42, 52, E48 > 8.1, 56, E48 >= 0, 60, E48 < 0 , 60) -> 52 | F30: =IFS(F48 > 272.5, 16, F48 > 202.4, 20, F48 > 151.81, 24, F48 > 115.99, 28, F48 > 89.04, 32, F48 > 68.05, 36, F48 > 51.29, 40, F48 > 37.56, 44, F48 > 26.11, 48, F48 > 16.42, 52, F48 > 8.1, 56, F48 >= 0, 60, F48 < 0 , 60) -> 52 | G30: =IFS(G48 > 272.5, 16, G48 > 202.4, 20, G48 > 151.81, 24, G48 > 115.99, 28, G48 > 89.04, 32, G48 > 68.05, 36, G48 > 51.29, 40, G48 > 37.56, 44, G48 > 26.11, 48, G48 > 16.42, 52, G48 > 8.1, 56, G48 >= 0, 60, G48 < 0 , 60) -> 52 | H30: =IFS(H48 > 272.5, 16, H48 > 202.4, 20, H48 > 151.81, 24, H48 > 115.99, 28, H48 > 89.04, 32, H48 > 68.05, 36, H48 > 51.29, 40, H48 > 37.56, 44, H48 > 26.11, 48, H48 > 16.42, 52, H48 > 8.1, 56, H48 >= 0, 60, H48 < 0 , 60) -> 52 | I30: =IFS(I48 > 272.5, 16, I48 > 202.4, 20, I48 > 151.81, 24, I48 > 115.99, 28, I48 > 89.04, 32, I48 > 68.05, 36, I48 > 51.29, 40, I48 > 37.56, 44, I48 > 26.11, 48, I48 > 16.42, 52, I48 > 8.1, 56, I48 >= 0, 60, I48 < 0 , 60) -> 52 | ... U30: =IFS(U48 > 272.5, 16, U48 > 202.4, 20, U48 > 151.81, 24, U48 > 115.99, 28, U48 > 89.04, 32, U48 > 68.05, 36, U48 > 51.29, 40, U48 > 37.56, 44, U48 > 26.11, 48, U48 > 16.42, 52, U48 > 8.1, 56, U48 >= 0, 60, U48 < 0 , 60) -> 44
A31: Level 2 | B31: =IFS(B49 > 272.5, 16, B49 > 202.4, 20, B49 > 151.81, 24, B49 > 115.99, 28, B49 > 89.04, 32, B49 > 68.05, 36, B49 > 51.29, 40, B49 > 37.56, 44, B49 > 26.11, 48, B49 > 16.42, 52, B49 > 8.1, 56, B49 >= 0, 60, B49 < 0 , 60) -> 56 | C31: =IFS(C49 > 272.5, 16, C49 > 202.4, 20, C49 > 151.81, 24, C49 > 115.99, 28, C49 > 89.04, 32, C49 > 68.05, 36, C49 > 51.29, 40, C49 > 37.56, 44, C49 > 26.11, 48, C49 > 16.42, 52, C49 > 8.1, 56, C49 >= 0, 60, C49 < 0 , 60) -> 56 | D31: =IFS(D49 > 272.5, 16, D49 > 202.4, 20, D49 > 151.81, 24, D49 > 115.99, 28, D49 > 89.04, 32, D49 > 68.05, 36, D49 > 51.29, 40, D49 > 37.56, 44, D49 > 26.11, 48, D49 > 16.42, 52, D49 > 8.1, 56, D49 >= 0, 60, D49 < 0 , 60) -> 56 | E31: =IFS(E49 > 272.5, 16, E49 > 202.4, 20, E49 > 151.81, 24, E49 > 115.99, 28, E49 > 89.04, 32, E49 > 68.05, 36, E49 > 51.29, 40, E49 > 37.56, 44, E49 > 26.11, 48, E49 > 16.42, 52, E49 > 8.1, 56, E49 >= 0, 60, E49 < 0 , 60) -> 52 | F31: =IFS(F49 > 272.5, 16, F49 > 202.4, 20, F49 > 151.81, 24, F49 > 115.99, 28, F49 > 89.04, 32, F49 > 68.05, 36, F49 > 51.29, 40, F49 > 37.56, 44, F49 > 26.11, 48, F49 > 16.42, 52, F49 > 8.1, 56, F49 >= 0, 60, F49 < 0 , 60) -> 52 | G31: =IFS(G49 > 272.5, 16, G49 > 202.4, 20, G49 > 151.81, 24, G49 > 115.99, 28, G49 > 89.04, 32, G49 > 68.05, 36, G49 > 51.29, 40, G49 > 37.56, 44, G49 > 26.11, 48, G49 > 16.42, 52, G49 > 8.1, 56, G49 >= 0, 60, G49 < 0 , 60) -> 52 | H31: =IFS(H49 > 272.5, 16, H49 > 202.4, 20, H49 > 151.81, 24, H49 > 115.99, 28, H49 > 89.04, 32, H49 > 68.05, 36, H49 > 51.29, 40, H49 > 37.56, 44, H49 > 26.11, 48, H49 > 16.42, 52, H49 > 8.1, 56, H49 >= 0, 60, H49 < 0 , 60) -> 52 | I31: =IFS(I49 > 272.5, 16, I49 > 202.4, 20, I49 > 151.81, 24, I49 > 115.99, 28, I49 > 89.04, 32, I49 > 68.05, 36, I49 > 51.29, 40, I49 > 37.56, 44, I49 > 26.11, 48, I49 > 16.42, 52, I49 > 8.1, 56, I49 >= 0, 60, I49 < 0 , 60) -> 52 | ... U31: =IFS(U49 > 272.5, 16, U49 > 202.4, 20, U49 > 151.81, 24, U49 > 115.99, 28, U49 > 89.04, 32, U49 > 68.05, 36, U49 > 51.29, 40, U49 > 37.56, 44, U49 > 26.11, 48, U49 > 16.42, 52, U49 > 8.1, 56, U49 >= 0, 60, U49 < 0 , 60) -> 44
A32: Level 3 | B32: =IFS(B50 > 272.5, 16, B50 > 202.4, 20, B50 > 151.81, 24, B50 > 115.99, 28, B50 > 89.04, 32, B50 > 68.05, 36, B50 > 51.29, 40, B50 > 37.56, 44, B50 > 26.11, 48, B50 > 16.42, 52, B50 > 8.1, 56, B50 >= 0, 60, B50 < 0 , 60) -> 56 | C32: =IFS(C50 > 272.5, 16, C50 > 202.4, 20, C50 > 151.81, 24, C50 > 115.99, 28, C50 > 89.04, 32, C50 > 68.05, 36, C50 > 51.29, 40, C50 > 37.56, 44, C50 > 26.11, 48, C50 > 16.42, 52, C50 > 8.1, 56, C50 >= 0, 60, C50 < 0 , 60) -> 56 | D32: =IFS(D50 > 272.5, 16, D50 > 202.4, 20, D50 > 151.81, 24, D50 > 115.99, 28, D50 > 89.04, 32, D50 > 68.05, 36, D50 > 51.29, 40, D50 > 37.56, 44, D50 > 26.11, 48, D50 > 16.42, 52, D50 > 8.1, 56, D50 >= 0, 60, D50 < 0 , 60) -> 52 | E32: =IFS(E50 > 272.5, 16, E50 > 202.4, 20, E50 > 151.81, 24, E50 > 115.99, 28, E50 > 89.04, 32, E50 > 68.05, 36, E50 > 51.29, 40, E50 > 37.56, 44, E50 > 26.11, 48, E50 > 16.42, 52, E50 > 8.1, 56, E50 >= 0, 60, E50 < 0 , 60) -> 52 | F32: =IFS(F50 > 272.5, 16, F50 > 202.4, 20, F50 > 151.81, 24, F50 > 115.99, 28, F50 > 89.04, 32, F50 > 68.05, 36, F50 > 51.29, 40, F50 > 37.56, 44, F50 > 26.11, 48, F50 > 16.42, 52, F50 > 8.1, 56, F50 >= 0, 60, F50 < 0 , 60) -> 52 | G32: =IFS(G50 > 272.5, 16, G50 > 202.4, 20, G50 > 151.81, 24, G50 > 115.99, 28, G50 > 89.04, 32, G50 > 68.05, 36, G50 > 51.29, 40, G50 > 37.56, 44, G50 > 26.11, 48, G50 > 16.42, 52, G50 > 8.1, 56, G50 >= 0, 60, G50 < 0 , 60) -> 52 | H32: =IFS(H50 > 272.5, 16, H50 > 202.4, 20, H50 > 151.81, 24, H50 > 115.99, 28, H50 > 89.04, 32, H50 > 68.05, 36, H50 > 51.29, 40, H50 > 37.56, 44, H50 > 26.11, 48, H50 > 16.42, 52, H50 > 8.1, 56, H50 >= 0, 60, H50 < 0 , 60) -> 52 | I32: =IFS(I50 > 272.5, 16, I50 > 202.4, 20, I50 > 151.81, 24, I50 > 115.99, 28, I50 > 89.04, 32, I50 > 68.05, 36, I50 > 51.29, 40, I50 > 37.56, 44, I50 > 26.11, 48, I50 > 16.42, 52, I50 > 8.1, 56, I50 >= 0, 60, I50 < 0 , 60) -> 52 | ... U32: =IFS(U50 > 272.5, 16, U50 > 202.4, 20, U50 > 151.81, 24, U50 > 115.99, 28, U50 > 89.04, 32, U50 > 68.05, 36, U50 > 51.29, 40, U50 > 37.56, 44, U50 > 26.11, 48, U50 > 16.42, 52, U50 > 8.1, 56, U50 >= 0, 60, U50 < 0 , 60) -> 44
A33: Level 4 | B33: =IFS(B51 > 272.5, 16, B51 > 202.4, 20, B51 > 151.81, 24, B51 > 115.99, 28, B51 > 89.04, 32, B51 > 68.05, 36, B51 > 51.29, 40, B51 > 37.56, 44, B51 > 26.11, 48, B51 > 16.42, 52, B51 > 8.1, 56, B51 >= 0, 60, B51 < 0 , 60) -> 56 | C33: =IFS(C51 > 272.5, 16, C51 > 202.4, 20, C51 > 151.81, 24, C51 > 115.99, 28, C51 > 89.04, 32, C51 > 68.05, 36, C51 > 51.29, 40, C51 > 37.56, 44, C51 > 26.11, 48, C51 > 16.42, 52, C51 > 8.1, 56, C51 >= 0, 60, C51 < 0 , 60) -> 52 | D33: =IFS(D51 > 272.5, 16, D51 > 202.4, 20, D51 > 151.81, 24, D51 > 115.99, 28, D51 > 89.04, 32, D51 > 68.05, 36, D51 > 51.29, 40, D51 > 37.56, 44, D51 > 26.11, 48, D51 > 16.42, 52, D51 > 8.1, 56, D51 >= 0, 60, D51 < 0 , 60) -> 52 | E33: =IFS(E51 > 272.5, 16, E51 > 202.4, 20, E51 > 151.81, 24, E51 > 115.99, 28, E51 > 89.04, 32, E51 > 68.05, 36, E51 > 51.29, 40, E51 > 37.56, 44, E51 > 26.11, 48, E51 > 16.42, 52, E51 > 8.1, 56, E51 >= 0, 60, E51 < 0 , 60) -> 52 | F33: =IFS(F51 > 272.5, 16, F51 > 202.4, 20, F51 > 151.81, 24, F51 > 115.99, 28, F51 > 89.04, 32, F51 > 68.05, 36, F51 > 51.29, 40, F51 > 37.56, 44, F51 > 26.11, 48, F51 > 16.42, 52, F51 > 8.1, 56, F51 >= 0, 60, F51 < 0 , 60) -> 52 | G33: =IFS(G51 > 272.5, 16, G51 > 202.4, 20, G51 > 151.81, 24, G51 > 115.99, 28, G51 > 89.04, 32, G51 > 68.05, 36, G51 > 51.29, 40, G51 > 37.56, 44, G51 > 26.11, 48, G51 > 16.42, 52, G51 > 8.1, 56, G51 >= 0, 60, G51 < 0 , 60) -> 52 | H33: =IFS(H51 > 272.5, 16, H51 > 202.4, 20, H51 > 151.81, 24, H51 > 115.99, 28, H51 > 89.04, 32, H51 > 68.05, 36, H51 > 51.29, 40, H51 > 37.56, 44, H51 > 26.11, 48, H51 > 16.42, 52, H51 > 8.1, 56, H51 >= 0, 60, H51 < 0 , 60) -> 52 | I33: =IFS(I51 > 272.5, 16, I51 > 202.4, 20, I51 > 151.81, 24, I51 > 115.99, 28, I51 > 89.04, 32, I51 > 68.05, 36, I51 > 51.29, 40, I51 > 37.56, 44, I51 > 26.11, 48, I51 > 16.42, 52, I51 > 8.1, 56, I51 >= 0, 60, I51 < 0 , 60) -> 48 | ... U33: =IFS(U51 > 272.5, 16, U51 > 202.4, 20, U51 > 151.81, 24, U51 > 115.99, 28, U51 > 89.04, 32, U51 > 68.05, 36, U51 > 51.29, 40, U51 > 37.56, 44, U51 > 26.11, 48, U51 > 16.42, 52, U51 > 8.1, 56, U51 >= 0, 60, U51 < 0 , 60) -> 44
A34: Level 5 | B34: =IFS(B52 > 272.5, 16, B52 > 202.4, 20, B52 > 151.81, 24, B52 > 115.99, 28, B52 > 89.04, 32, B52 > 68.05, 36, B52 > 51.29, 40, B52 > 37.56, 44, B52 > 26.11, 48, B52 > 16.42, 52, B52 > 8.1, 56, B52 >= 0, 60, B52 < 0 , 60) -> 40 | C34: =IFS(C52 > 272.5, 16, C52 > 202.4, 20, C52 > 151.81, 24, C52 > 115.99, 28, C52 > 89.04, 32, C52 > 68.05, 36, C52 > 51.29, 40, C52 > 37.56, 44, C52 > 26.11, 48, C52 > 16.42, 52, C52 > 8.1, 56, C52 >= 0, 60, C52 < 0 , 60) -> 40 | D34: =IFS(D52 > 272.5, 16, D52 > 202.4, 20, D52 > 151.81, 24, D52 > 115.99, 28, D52 > 89.04, 32, D52 > 68.05, 36, D52 > 51.29, 40, D52 > 37.56, 44, D52 > 26.11, 48, D52 > 16.42, 52, D52 > 8.1, 56, D52 >= 0, 60, D52 < 0 , 60) -> 40 | E34: =IFS(E52 > 272.5, 16, E52 > 202.4, 20, E52 > 151.81, 24, E52 > 115.99, 28, E52 > 89.04, 32, E52 > 68.05, 36, E52 > 51.29, 40, E52 > 37.56, 44, E52 > 26.11, 48, E52 > 16.42, 52, E52 > 8.1, 56, E52 >= 0, 60, E52 < 0 , 60) -> 40 | F34: =IFS(F52 > 272.5, 16, F52 > 202.4, 20, F52 > 151.81, 24, F52 > 115.99, 28, F52 > 89.04, 32, F52 > 68.05, 36, F52 > 51.29, 40, F52 > 37.56, 44, F52 > 26.11, 48, F52 > 16.42, 52, F52 > 8.1, 56, F52 >= 0, 60, F52 < 0 , 60) -> 40 | G34: =IFS(G52 > 272.5, 16, G52 > 202.4, 20, G52 > 151.81, 24, G52 > 115.99, 28, G52 > 89.04, 32, G52 > 68.05, 36, G52 > 51.29, 40, G52 > 37.56, 44, G52 > 26.11, 48, G52 > 16.42, 52, G52 > 8.1, 56, G52 >= 0, 60, G52 < 0 , 60) -> 40 | H34: =IFS(H52 > 272.5, 16, H52 > 202.4, 20, H52 > 151.81, 24, H52 > 115.99, 28, H52 > 89.04, 32, H52 > 68.05, 36, H52 > 51.29, 40, H52 > 37.56, 44, H52 > 26.11, 48, H52 > 16.42, 52, H52 > 8.1, 56, H52 >= 0, 60, H52 < 0 , 60) -> 40 | I34: =IFS(I52 > 272.5, 16, I52 > 202.4, 20, I52 > 151.81, 24, I52 > 115.99, 28, I52 > 89.04, 32, I52 > 68.05, 36, I52 > 51.29, 40, I52 > 37.56, 44, I52 > 26.11, 48, I52 > 16.42, 52, I52 > 8.1, 56, I52 >= 0, 60, I52 < 0 , 60) -> 40 | ... U34: =IFS(U52 > 272.5, 16, U52 > 202.4, 20, U52 > 151.81, 24, U52 > 115.99, 28, U52 > 89.04, 32, U52 > 68.05, 36, U52 > 51.29, 40, U52 > 37.56, 44, U52 > 26.11, 48, U52 > 16.42, 52, U52 > 8.1, 56, U52 >= 0, 60, U52 < 0 , 60) -> 36
A35: Level 6 | B35: =IFS(B53 > 272.5, 16, B53 > 202.4, 20, B53 > 151.81, 24, B53 > 115.99, 28, B53 > 89.04, 32, B53 > 68.05, 36, B53 > 51.29, 40, B53 > 37.56, 44, B53 > 26.11, 48, B53 > 16.42, 52, B53 > 8.1, 56, B53 >= 0, 60, B53 < 0 , 60) -> 40 | C35: =IFS(C53 > 272.5, 16, C53 > 202.4, 20, C53 > 151.81, 24, C53 > 115.99, 28, C53 > 89.04, 32, C53 > 68.05, 36, C53 > 51.29, 40, C53 > 37.56, 44, C53 > 26.11, 48, C53 > 16.42, 52, C53 > 8.1, 56, C53 >= 0, 60, C53 < 0 , 60) -> 40 | D35: =IFS(D53 > 272.5, 16, D53 > 202.4, 20, D53 > 151.81, 24, D53 > 115.99, 28, D53 > 89.04, 32, D53 > 68.05, 36, D53 > 51.29, 40, D53 > 37.56, 44, D53 > 26.11, 48, D53 > 16.42, 52, D53 > 8.1, 56, D53 >= 0, 60, D53 < 0 , 60) -> 40 | E35: =IFS(E53 > 272.5, 16, E53 > 202.4, 20, E53 > 151.81, 24, E53 > 115.99, 28, E53 > 89.04, 32, E53 > 68.05, 36, E53 > 51.29, 40, E53 > 37.56, 44, E53 > 26.11, 48, E53 > 16.42, 52, E53 > 8.1, 56, E53 >= 0, 60, E53 < 0 , 60) -> 40 | F35: =IFS(F53 > 272.5, 16, F53 > 202.4, 20, F53 > 151.81, 24, F53 > 115.99, 28, F53 > 89.04, 32, F53 > 68.05, 36, F53 > 51.29, 40, F53 > 37.56, 44, F53 > 26.11, 48, F53 > 16.42, 52, F53 > 8.1, 56, F53 >= 0, 60, F53 < 0 , 60) -> 40 | G35: =IFS(G53 > 272.5, 16, G53 > 202.4, 20, G53 > 151.81, 24, G53 > 115.99, 28, G53 > 89.04, 32, G53 > 68.05, 36, G53 > 51.29, 40, G53 > 37.56, 44, G53 > 26.11, 48, G53 > 16.42, 52, G53 > 8.1, 56, G53 >= 0, 60, G53 < 0 , 60) -> 40 | H35: =IFS(H53 > 272.5, 16, H53 > 202.4, 20, H53 > 151.81, 24, H53 > 115.99, 28, H53 > 89.04, 32, H53 > 68.05, 36, H53 > 51.29, 40, H53 > 37.56, 44, H53 > 26.11, 48, H53 > 16.42, 52, H53 > 8.1, 56, H53 >= 0, 60, H53 < 0 , 60) -> 40 | I35: =IFS(I53 > 272.5, 16, I53 > 202.4, 20, I53 > 151.81, 24, I53 > 115.99, 28, I53 > 89.04, 32, I53 > 68.05, 36, I53 > 51.29, 40, I53 > 37.56, 44, I53 > 26.11, 48, I53 > 16.42, 52, I53 > 8.1, 56, I53 >= 0, 60, I53 < 0 , 60) -> 40 | ... U35: =IFS(U53 > 272.5, 16, U53 > 202.4, 20, U53 > 151.81, 24, U53 > 115.99, 28, U53 > 89.04, 32, U53 > 68.05, 36, U53 > 51.29, 40, U53 > 37.56, 44, U53 > 26.11, 48, U53 > 16.42, 52, U53 > 8.1, 56, U53 >= 0, 60, U53 < 0 , 60) -> 32
A36: Level 7 | B36: =IFS(B54 > 272.5, 16, B54 > 202.4, 20, B54 > 151.81, 24, B54 > 115.99, 28, B54 > 89.04, 32, B54 > 68.05, 36, B54 > 51.29, 40, B54 > 37.56, 44, B54 > 26.11, 48, B54 > 16.42, 52, B54 > 8.1, 56, B54 >= 0, 60, B54 < 0 , 60) -> 40 | C36: =IFS(C54 > 272.5, 16, C54 > 202.4, 20, C54 > 151.81, 24, C54 > 115.99, 28, C54 > 89.04, 32, C54 > 68.05, 36, C54 > 51.29, 40, C54 > 37.56, 44, C54 > 26.11, 48, C54 > 16.42, 52, C54 > 8.1, 56, C54 >= 0, 60, C54 < 0 , 60) -> 40 | D36: =IFS(D54 > 272.5, 16, D54 > 202.4, 20, D54 > 151.81, 24, D54 > 115.99, 28, D54 > 89.04, 32, D54 > 68.05, 36, D54 > 51.29, 40, D54 > 37.56, 44, D54 > 26.11, 48, D54 > 16.42, 52, D54 > 8.1, 56, D54 >= 0, 60, D54 < 0 , 60) -> 40 | E36: =IFS(E54 > 272.5, 16, E54 > 202.4, 20, E54 > 151.81, 24, E54 > 115.99, 28, E54 > 89.04, 32, E54 > 68.05, 36, E54 > 51.29, 40, E54 > 37.56, 44, E54 > 26.11, 48, E54 > 16.42, 52, E54 > 8.1, 56, E54 >= 0, 60, E54 < 0 , 60) -> 40 | F36: =IFS(F54 > 272.5, 16, F54 > 202.4, 20, F54 > 151.81, 24, F54 > 115.99, 28, F54 > 89.04, 32, F54 > 68.05, 36, F54 > 51.29, 40, F54 > 37.56, 44, F54 > 26.11, 48, F54 > 16.42, 52, F54 > 8.1, 56, F54 >= 0, 60, F54 < 0 , 60) -> 40 | G36: =IFS(G54 > 272.5, 16, G54 > 202.4, 20, G54 > 151.81, 24, G54 > 115.99, 28, G54 > 89.04, 32, G54 > 68.05, 36, G54 > 51.29, 40, G54 > 37.56, 44, G54 > 26.11, 48, G54 > 16.42, 52, G54 > 8.1, 56, G54 >= 0, 60, G54 < 0 , 60) -> 40 | H36: =IFS(H54 > 272.5, 16, H54 > 202.4, 20, H54 > 151.81, 24, H54 > 115.99, 28, H54 > 89.04, 32, H54 > 68.05, 36, H54 > 51.29, 40, H54 > 37.56, 44, H54 > 26.11, 48, H54 > 16.42, 52, H54 > 8.1, 56, H54 >= 0, 60, H54 < 0 , 60) -> 40 | I36: =IFS(I54 > 272.5, 16, I54 > 202.4, 20, I54 > 151.81, 24, I54 > 115.99, 28, I54 > 89.04, 32, I54 > 68.05, 36, I54 > 51.29, 40, I54 > 37.56, 44, I54 > 26.11, 48, I54 > 16.42, 52, I54 > 8.1, 56, I54 >= 0, 60, I54 < 0 , 60) -> 36 | ... U36: =IFS(U54 > 272.5, 16, U54 > 202.4, 20, U54 > 151.81, 24, U54 > 115.99, 28, U54 > 89.04, 32, U54 > 68.05, 36, U54 > 51.29, 40, U54 > 37.56, 44, U54 > 26.11, 48, U54 > 16.42, 52, U54 > 8.1, 56, U54 >= 0, 60, U54 < 0 , 60) -> 32
A37: Level 8 | B37: =IFS(B55 > 272.5, 16, B55 > 202.4, 20, B55 > 151.81, 24, B55 > 115.99, 28, B55 > 89.04, 32, B55 > 68.05, 36, B55 > 51.29, 40, B55 > 37.56, 44, B55 > 26.11, 48, B55 > 16.42, 52, B55 > 8.1, 56, B55 >= 0, 60, B55 < 0 , 60) -> 40 | C37: =IFS(C55 > 272.5, 16, C55 > 202.4, 20, C55 > 151.81, 24, C55 > 115.99, 28, C55 > 89.04, 32, C55 > 68.05, 36, C55 > 51.29, 40, C55 > 37.56, 44, C55 > 26.11, 48, C55 > 16.42, 52, C55 > 8.1, 56, C55 >= 0, 60, C55 < 0 , 60) -> 40 | D37: =IFS(D55 > 272.5, 16, D55 > 202.4, 20, D55 > 151.81, 24, D55 > 115.99, 28, D55 > 89.04, 32, D55 > 68.05, 36, D55 > 51.29, 40, D55 > 37.56, 44, D55 > 26.11, 48, D55 > 16.42, 52, D55 > 8.1, 56, D55 >= 0, 60, D55 < 0 , 60) -> 40 | E37: =IFS(E55 > 272.5, 16, E55 > 202.4, 20, E55 > 151.81, 24, E55 > 115.99, 28, E55 > 89.04, 32, E55 > 68.05, 36, E55 > 51.29, 40, E55 > 37.56, 44, E55 > 26.11, 48, E55 > 16.42, 52, E55 > 8.1, 56, E55 >= 0, 60, E55 < 0 , 60) -> 40 | F37: =IFS(F55 > 272.5, 16, F55 > 202.4, 20, F55 > 151.81, 24, F55 > 115.99, 28, F55 > 89.04, 32, F55 > 68.05, 36, F55 > 51.29, 40, F55 > 37.56, 44, F55 > 26.11, 48, F55 > 16.42, 52, F55 > 8.1, 56, F55 >= 0, 60, F55 < 0 , 60) -> 40 | G37: =IFS(G55 > 272.5, 16, G55 > 202.4, 20, G55 > 151.81, 24, G55 > 115.99, 28, G55 > 89.04, 32, G55 > 68.05, 36, G55 > 51.29, 40, G55 > 37.56, 44, G55 > 26.11, 48, G55 > 16.42, 52, G55 > 8.1, 56, G55 >= 0, 60, G55 < 0 , 60) -> 36 | H37: =IFS(H55 > 272.5, 16, H55 > 202.4, 20, H55 > 151.81, 24, H55 > 115.99, 28, H55 > 89.04, 32, H55 > 68.05, 36, H55 > 51.29, 40, H55 > 37.56, 44, H55 > 26.11, 48, H55 > 16.42, 52, H55 > 8.1, 56, H55 >= 0, 60, H55 < 0 , 60) -> 36 | I37: =IFS(I55 > 272.5, 16, I55 > 202.4, 20, I55 > 151.81, 24, I55 > 115.99, 28, I55 > 89.04, 32, I55 > 68.05, 36, I55 > 51.29, 40, I55 > 37.56, 44, I55 > 26.11, 48, I55 > 16.42, 52, I55 > 8.1, 56, I55 >= 0, 60, I55 < 0 , 60) -> 36 | ... U37: =IFS(U55 > 272.5, 16, U55 > 202.4, 20, U55 > 151.81, 24, U55 > 115.99, 28, U55 > 89.04, 32, U55 > 68.05, 36, U55 > 51.29, 40, U55 > 37.56, 44, U55 > 26.11, 48, U55 > 16.42, 52, U55 > 8.1, 56, U55 >= 0, 60, U55 < 0 , 60) -> 32
A38: Level 9 | B38: =IFS(B56 > 272.5, 16, B56 > 202.4, 20, B56 > 151.81, 24, B56 > 115.99, 28, B56 > 89.04, 32, B56 > 68.05, 36, B56 > 51.29, 40, B56 > 37.56, 44, B56 > 26.11, 48, B56 > 16.42, 52, B56 > 8.1, 56, B56 >= 0, 60, B56 < 0 , 60) -> 40 | C38: =IFS(C56 > 272.5, 16, C56 > 202.4, 20, C56 > 151.81, 24, C56 > 115.99, 28, C56 > 89.04, 32, C56 > 68.05, 36, C56 > 51.29, 40, C56 > 37.56, 44, C56 > 26.11, 48, C56 > 16.42, 52, C56 > 8.1, 56, C56 >= 0, 60, C56 < 0 , 60) -> 40 | D38: =IFS(D56 > 272.5, 16, D56 > 202.4, 20, D56 > 151.81, 24, D56 > 115.99, 28, D56 > 89.04, 32, D56 > 68.05, 36, D56 > 51.29, 40, D56 > 37.56, 44, D56 > 26.11, 48, D56 > 16.42, 52, D56 > 8.1, 56, D56 >= 0, 60, D56 < 0 , 60) -> 40 | E38: =IFS(E56 > 272.5, 16, E56 > 202.4, 20, E56 > 151.81, 24, E56 > 115.99, 28, E56 > 89.04, 32, E56 > 68.05, 36, E56 > 51.29, 40, E56 > 37.56, 44, E56 > 26.11, 48, E56 > 16.42, 52, E56 > 8.1, 56, E56 >= 0, 60, E56 < 0 , 60) -> 36 | F38: =IFS(F56 > 272.5, 16, F56 > 202.4, 20, F56 > 151.81, 24, F56 > 115.99, 28, F56 > 89.04, 32, F56 > 68.05, 36, F56 > 51.29, 40, F56 > 37.56, 44, F56 > 26.11, 48, F56 > 16.42, 52, F56 > 8.1, 56, F56 >= 0, 60, F56 < 0 , 60) -> 36 | G38: =IFS(G56 > 272.5, 16, G56 > 202.4, 20, G56 > 151.81, 24, G56 > 115.99, 28, G56 > 89.04, 32, G56 > 68.05, 36, G56 > 51.29, 40, G56 > 37.56, 44, G56 > 26.11, 48, G56 > 16.42, 52, G56 > 8.1, 56, G56 >= 0, 60, G56 < 0 , 60) -> 36 | H38: =IFS(H56 > 272.5, 16, H56 > 202.4, 20, H56 > 151.81, 24, H56 > 115.99, 28, H56 > 89.04, 32, H56 > 68.05, 36, H56 > 51.29, 40, H56 > 37.56, 44, H56 > 26.11, 48, H56 > 16.42, 52, H56 > 8.1, 56, H56 >= 0, 60, H56 < 0 , 60) -> 36 | I38: =IFS(I56 > 272.5, 16, I56 > 202.4, 20, I56 > 151.81, 24, I56 > 115.99, 28, I56 > 89.04, 32, I56 > 68.05, 36, I56 > 51.29, 40, I56 > 37.56, 44, I56 > 26.11, 48, I56 > 16.42, 52, I56 > 8.1, 56, I56 >= 0, 60, I56 < 0 , 60) -> 36 | ... U38: =IFS(U56 > 272.5, 16, U56 > 202.4, 20, U56 > 151.81, 24, U56 > 115.99, 28, U56 > 89.04, 32, U56 > 68.05, 36, U56 > 51.29, 40, U56 > 37.56, 44, U56 > 26.11, 48, U56 > 16.42, 52, U56 > 8.1, 56, U56 >= 0, 60, U56 < 0 , 60) -> 32
A39: Level 10 | B39: =IFS(B57 > 272.5, 16, B57 > 202.4, 20, B57 > 151.81, 24, B57 > 115.99, 28, B57 > 89.04, 32, B57 > 68.05, 36, B57 > 51.29, 40, B57 > 37.56, 44, B57 > 26.11, 48, B57 > 16.42, 52, B57 > 8.1, 56, B57 >= 0, 60, B57 < 0 , 60) -> 40 | C39: =IFS(C57 > 272.5, 16, C57 > 202.4, 20, C57 > 151.81, 24, C57 > 115.99, 28, C57 > 89.04, 32, C57 > 68.05, 36, C57 > 51.29, 40, C57 > 37.56, 44, C57 > 26.11, 48, C57 > 16.42, 52, C57 > 8.1, 56, C57 >= 0, 60, C57 < 0 , 60) -> 40 | D39: =IFS(D57 > 272.5, 16, D57 > 202.4, 20, D57 > 151.81, 24, D57 > 115.99, 28, D57 > 89.04, 32, D57 > 68.05, 36, D57 > 51.29, 40, D57 > 37.56, 44, D57 > 26.11, 48, D57 > 16.42, 52, D57 > 8.1, 56, D57 >= 0, 60, D57 < 0 , 60) -> 36 | E39: =IFS(E57 > 272.5, 16, E57 > 202.4, 20, E57 > 151.81, 24, E57 > 115.99, 28, E57 > 89.04, 32, E57 > 68.05, 36, E57 > 51.29, 40, E57 > 37.56, 44, E57 > 26.11, 48, E57 > 16.42, 52, E57 > 8.1, 56, E57 >= 0, 60, E57 < 0 , 60) -> 36 | F39: =IFS(F57 > 272.5, 16, F57 > 202.4, 20, F57 > 151.81, 24, F57 > 115.99, 28, F57 > 89.04, 32, F57 > 68.05, 36, F57 > 51.29, 40, F57 > 37.56, 44, F57 > 26.11, 48, F57 > 16.42, 52, F57 > 8.1, 56, F57 >= 0, 60, F57 < 0 , 60) -> 36 | G39: =IFS(G57 > 272.5, 16, G57 > 202.4, 20, G57 > 151.81, 24, G57 > 115.99, 28, G57 > 89.04, 32, G57 > 68.05, 36, G57 > 51.29, 40, G57 > 37.56, 44, G57 > 26.11, 48, G57 > 16.42, 52, G57 > 8.1, 56, G57 >= 0, 60, G57 < 0 , 60) -> 36 | H39: =IFS(H57 > 272.5, 16, H57 > 202.4, 20, H57 > 151.81, 24, H57 > 115.99, 28, H57 > 89.04, 32, H57 > 68.05, 36, H57 > 51.29, 40, H57 > 37.56, 44, H57 > 26.11, 48, H57 > 16.42, 52, H57 > 8.1, 56, H57 >= 0, 60, H57 < 0 , 60) -> 36 | I39: =IFS(I57 > 272.5, 16, I57 > 202.4, 20, I57 > 151.81, 24, I57 > 115.99, 28, I57 > 89.04, 32, I57 > 68.05, 36, I57 > 51.29, 40, I57 > 37.56, 44, I57 > 26.11, 48, I57 > 16.42, 52, I57 > 8.1, 56, I57 >= 0, 60, I57 < 0 , 60) -> 36 | ... U39: =IFS(U57 > 272.5, 16, U57 > 202.4, 20, U57 > 151.81, 24, U57 > 115.99, 28, U57 > 89.04, 32, U57 > 68.05, 36, U57 > 51.29, 40, U57 > 37.56, 44, U57 > 26.11, 48, U57 > 16.42, 52, U57 > 8.1, 56, U57 >= 0, 60, U57 < 0 , 60) -> 32
A40: Level 11 | B40: =IFS(B58 > 272.5, 16, B58 > 202.4, 20, B58 > 151.81, 24, B58 > 115.99, 28, B58 > 89.04, 32, B58 > 68.05, 36, B58 > 51.29, 40, B58 > 37.56, 44, B58 > 26.11, 48, B58 > 16.42, 52, B58 > 8.1, 56, B58 >= 0, 60, B58 < 0 , 60) -> 40 | C40: =IFS(C58 > 272.5, 16, C58 > 202.4, 20, C58 > 151.81, 24, C58 > 115.99, 28, C58 > 89.04, 32, C58 > 68.05, 36, C58 > 51.29, 40, C58 > 37.56, 44, C58 > 26.11, 48, C58 > 16.42, 52, C58 > 8.1, 56, C58 >= 0, 60, C58 < 0 , 60) -> 36 | D40: =IFS(D58 > 272.5, 16, D58 > 202.4, 20, D58 > 151.81, 24, D58 > 115.99, 28, D58 > 89.04, 32, D58 > 68.05, 36, D58 > 51.29, 40, D58 > 37.56, 44, D58 > 26.11, 48, D58 > 16.42, 52, D58 > 8.1, 56, D58 >= 0, 60, D58 < 0 , 60) -> 36 | E40: =IFS(E58 > 272.5, 16, E58 > 202.4, 20, E58 > 151.81, 24, E58 > 115.99, 28, E58 > 89.04, 32, E58 > 68.05, 36, E58 > 51.29, 40, E58 > 37.56, 44, E58 > 26.11, 48, E58 > 16.42, 52, E58 > 8.1, 56, E58 >= 0, 60, E58 < 0 , 60) -> 36 | F40: =IFS(F58 > 272.5, 16, F58 > 202.4, 20, F58 > 151.81, 24, F58 > 115.99, 28, F58 > 89.04, 32, F58 > 68.05, 36, F58 > 51.29, 40, F58 > 37.56, 44, F58 > 26.11, 48, F58 > 16.42, 52, F58 > 8.1, 56, F58 >= 0, 60, F58 < 0 , 60) -> 36 | G40: =IFS(G58 > 272.5, 16, G58 > 202.4, 20, G58 > 151.81, 24, G58 > 115.99, 28, G58 > 89.04, 32, G58 > 68.05, 36, G58 > 51.29, 40, G58 > 37.56, 44, G58 > 26.11, 48, G58 > 16.42, 52, G58 > 8.1, 56, G58 >= 0, 60, G58 < 0 , 60) -> 36 | H40: =IFS(H58 > 272.5, 16, H58 > 202.4, 20, H58 > 151.81, 24, H58 > 115.99, 28, H58 > 89.04, 32, H58 > 68.05, 36, H58 > 51.29, 40, H58 > 37.56, 44, H58 > 26.11, 48, H58 > 16.42, 52, H58 > 8.1, 56, H58 >= 0, 60, H58 < 0 , 60) -> 36 | I40: =IFS(I58 > 272.5, 16, I58 > 202.4, 20, I58 > 151.81, 24, I58 > 115.99, 28, I58 > 89.04, 32, I58 > 68.05, 36, I58 > 51.29, 40, I58 > 37.56, 44, I58 > 26.11, 48, I58 > 16.42, 52, I58 > 8.1, 56, I58 >= 0, 60, I58 < 0 , 60) -> 36 | ... U40: =IFS(U58 > 272.5, 16, U58 > 202.4, 20, U58 > 151.81, 24, U58 > 115.99, 28, U58 > 89.04, 32, U58 > 68.05, 36, U58 > 51.29, 40, U58 > 37.56, 44, U58 > 26.11, 48, U58 > 16.42, 52, U58 > 8.1, 56, U58 >= 0, 60, U58 < 0 , 60) -> 32
A41: Level 12 | B41: =IFS(B59 > 272.5, 16, B59 > 202.4, 20, B59 > 151.81, 24, B59 > 115.99, 28, B59 > 89.04, 32, B59 > 68.05, 36, B59 > 51.29, 40, B59 > 37.56, 44, B59 > 26.11, 48, B59 > 16.42, 52, B59 > 8.1, 56, B59 >= 0, 60, B59 < 0 , 60) -> 36 | C41: =IFS(C59 > 272.5, 16, C59 > 202.4, 20, C59 > 151.81, 24, C59 > 115.99, 28, C59 > 89.04, 32, C59 > 68.05, 36, C59 > 51.29, 40, C59 > 37.56, 44, C59 > 26.11, 48, C59 > 16.42, 52, C59 > 8.1, 56, C59 >= 0, 60, C59 < 0 , 60) -> 36 | D41: =IFS(D59 > 272.5, 16, D59 > 202.4, 20, D59 > 151.81, 24, D59 > 115.99, 28, D59 > 89.04, 32, D59 > 68.05, 36, D59 > 51.29, 40, D59 > 37.56, 44, D59 > 26.11, 48, D59 > 16.42, 52, D59 > 8.1, 56, D59 >= 0, 60, D59 < 0 , 60) -> 36 | E41: =IFS(E59 > 272.5, 16, E59 > 202.4, 20, E59 > 151.81, 24, E59 > 115.99, 28, E59 > 89.04, 32, E59 > 68.05, 36, E59 > 51.29, 40, E59 > 37.56, 44, E59 > 26.11, 48, E59 > 16.42, 52, E59 > 8.1, 56, E59 >= 0, 60, E59 < 0 , 60) -> 36 | F41: =IFS(F59 > 272.5, 16, F59 > 202.4, 20, F59 > 151.81, 24, F59 > 115.99, 28, F59 > 89.04, 32, F59 > 68.05, 36, F59 > 51.29, 40, F59 > 37.56, 44, F59 > 26.11, 48, F59 > 16.42, 52, F59 > 8.1, 56, F59 >= 0, 60, F59 < 0 , 60) -> 36 | G41: =IFS(G59 > 272.5, 16, G59 > 202.4, 20, G59 > 151.81, 24, G59 > 115.99, 28, G59 > 89.04, 32, G59 > 68.05, 36, G59 > 51.29, 40, G59 > 37.56, 44, G59 > 26.11, 48, G59 > 16.42, 52, G59 > 8.1, 56, G59 >= 0, 60, G59 < 0 , 60) -> 36 | H41: =IFS(H59 > 272.5, 16, H59 > 202.4, 20, H59 > 151.81, 24, H59 > 115.99, 28, H59 > 89.04, 32, H59 > 68.05, 36, H59 > 51.29, 40, H59 > 37.56, 44, H59 > 26.11, 48, H59 > 16.42, 52, H59 > 8.1, 56, H59 >= 0, 60, H59 < 0 , 60) -> 36 | I41: =IFS(I59 > 272.5, 16, I59 > 202.4, 20, I59 > 151.81, 24, I59 > 115.99, 28, I59 > 89.04, 32, I59 > 68.05, 36, I59 > 51.29, 40, I59 > 37.56, 44, I59 > 26.11, 48, I59 > 16.42, 52, I59 > 8.1, 56, I59 >= 0, 60, I59 < 0 , 60) -> 36 | ... U41: =IFS(U59 > 272.5, 16, U59 > 202.4, 20, U59 > 151.81, 24, U59 > 115.99, 28, U59 > 89.04, 32, U59 > 68.05, 36, U59 > 51.29, 40, U59 > 37.56, 44, U59 > 26.11, 48, U59 > 16.42, 52, U59 > 8.1, 56, U59 >= 0, 60, U59 < 0 , 60) -> 32
... A44: Level 15 | B44: =IFS(B62 > 272.5, 16, B62 > 202.4, 20, B62 > 151.81, 24, B62 > 115.99, 28, B62 > 89.04, 32, B62 > 68.05, 36, B62 > 51.29, 40, B62 > 37.56, 44, B62 > 26.11, 48, B62 > 16.42, 52, B62 > 8.1, 56, B62 >= 0, 60, B62 < 0 , 60) -> 36 | C44: =IFS(C62 > 272.5, 16, C62 > 202.4, 20, C62 > 151.81, 24, C62 > 115.99, 28, C62 > 89.04, 32, C62 > 68.05, 36, C62 > 51.29, 40, C62 > 37.56, 44, C62 > 26.11, 48, C62 > 16.42, 52, C62 > 8.1, 56, C62 >= 0, 60, C62 < 0 , 60) -> 36 | D44: =IFS(D62 > 272.5, 16, D62 > 202.4, 20, D62 > 151.81, 24, D62 > 115.99, 28, D62 > 89.04, 32, D62 > 68.05, 36, D62 > 51.29, 40, D62 > 37.56, 44, D62 > 26.11, 48, D62 > 16.42, 52, D62 > 8.1, 56, D62 >= 0, 60, D62 < 0 , 60) -> 36 | E44: =IFS(E62 > 272.5, 16, E62 > 202.4, 20, E62 > 151.81, 24, E62 > 115.99, 28, E62 > 89.04, 32, E62 > 68.05, 36, E62 > 51.29, 40, E62 > 37.56, 44, E62 > 26.11, 48, E62 > 16.42, 52, E62 > 8.1, 56, E62 >= 0, 60, E62 < 0 , 60) -> 32 | F44: =IFS(F62 > 272.5, 16, F62 > 202.4, 20, F62 > 151.81, 24, F62 > 115.99, 28, F62 > 89.04, 32, F62 > 68.05, 36, F62 > 51.29, 40, F62 > 37.56, 44, F62 > 26.11, 48, F62 > 16.42, 52, F62 > 8.1, 56, F62 >= 0, 60, F62 < 0 , 60) -> 32 | G44: =IFS(G62 > 272.5, 16, G62 > 202.4, 20, G62 > 151.81, 24, G62 > 115.99, 28, G62 > 89.04, 32, G62 > 68.05, 36, G62 > 51.29, 40, G62 > 37.56, 44, G62 > 26.11, 48, G62 > 16.42, 52, G62 > 8.1, 56, G62 >= 0, 60, G62 < 0 , 60) -> 32 | H44: =IFS(H62 > 272.5, 16, H62 > 202.4, 20, H62 > 151.81, 24, H62 > 115.99, 28, H62 > 89.04, 32, H62 > 68.05, 36, H62 > 51.29, 40, H62 > 37.56, 44, H62 > 26.11, 48, H62 > 16.42, 52, H62 > 8.1, 56, H62 >= 0, 60, H62 < 0 , 60) -> 32 | I44: =IFS(I62 > 272.5, 16, I62 > 202.4, 20, I62 > 151.81, 24, I62 > 115.99, 28, I62 > 89.04, 32, I62 > 68.05, 36, I62 > 51.29, 40, I62 > 37.56, 44, I62 > 26.11, 48, I62 > 16.42, 52, I62 > 8.1, 56, I62 >= 0, 60, I62 < 0 , 60) -> 32 | ... U44: =IFS(U62 > 272.5, 16, U62 > 202.4, 20, U62 > 151.81, 24, U62 > 115.99, 28, U62 > 89.04, 32, U62 > 68.05, 36, U62 > 51.29, 40, U62 > 37.56, 44, U62 > 26.11, 48, U62 > 16.42, 52, U62 > 8.1, 56, U62 >= 0, 60, U62 < 0 , 60) -> 28
A46: Attack Speed Heatmap Calculations
B47: Base AS | C47: R3 | D47: R5 | E47: R7 | F47: MB/CS | G47: RFS | H47: R3 +MB/CS | I47: R3 +RFS | J47: R5 +MB/CS | K47: R5 +RFS | L47: R7 +MB/CS | M47: R7 +RFS | N47: RFS +MB/CS | O47: R3 +RFS +MB/CS | P47: R5 +RFS +MB/CS | Q47: R7 +RFS +MB/CS | R47: RFS +MB +CS | S47: R3 +RFS +MB +CS | T47: R5 +RFS +MB +CS | U47: R7 +RFS +MB +CS
A48: Level 1 | B48: =($B$5+$B$6+IF(OR($B$10,$C$10),25))*(1+$B$7) -> 10 | C48: =($B$5+$B$6+IF(OR($B$10,$C$10),25)+2)*(1+$B$7) -> 12 | D48: =($B$5+$B$6+IF(OR($B$10,$C$10),25)+4)*(1+$B$7) -> 14 | E48: =($B$5+$B$6+IF(OR($B$10,$C$10),25)+8)*(1+$B$7) -> 18 | F48: =($B$5+$B$6+IF(OR($B$10,$C$10),25)+8.75)*(1+$B$7) -> 18.75 | G48: =($B$5+$B$6+IF(OR($B$10,$C$10),25)+IF(OR($B$13,$C$13),25)+10.5)*(1+$B$7) -> 20.5 | H48: =($B$5+$B$6+IF(OR($B$10,$C$10),25)+10.75)*(1+$B$7) -> 20.75 | I48: =($B$5+$B$6+IF(OR($B$10,$C$10),25)+IF(OR($B$13,$C$13),25)+12.5)*(1+$B$7) -> 22.5 | J48: =($B$5+$B$6+IF(OR($B$10,$C$10),25)+12.75)*(1+$B$7) -> 22.75 | K48: =($B$5+$B$6+IF(OR($B$10,$C$10),25)+IF(OR($B$13,$C$13),25)+14.5)*(1+$B$7) -> 24.5 | L48: =($B$5+$B$6+IF(OR($B$10,$C$10),25)+16.75)*(1+$B$7) -> 26.75 | M48: =($B$5+$B$6+IF(OR($B$10,$C$10),25)+IF(OR($B$13,$C$13),25)+18.5)*(1+$B$7) -> 28.5 | N48: =($B$5+$B$6+IF(OR($B$10,$C$10),25)+IF(OR($B$13,$C$13),25)+19.25)*(1+$B$7) -> 29.25 | O48: =($B$5+$B$6+IF(OR($B$10,$C$10),25)+IF(OR($B$13,$C$13),25)+21.25)*(1+$B$7) -> 31.25 | P48: =($B$5+$B$6+IF(OR($B$10,$C$10),25)+IF(OR($B$13,$C$13),25)+23.25)*(1+$B$7) -> 33.25 | Q48: =($B$5+$B$6+IF(OR($B$10,$C$10),25)+IF(OR($B$13,$C$13),25)+27.25)*(1+$B$7) -> 37.25 | R48: =($B$5+$B$6+IF(OR($B$10,$C$10),25)+IF(OR($B$13,$C$13),25)+28)*(1+$B$7) -> 38 | S48: =($B$5+$B$6+IF(OR($B$10,$C$10),25)+IF(OR($B$13,$C$13),25)+30)*(1+$B$7) -> 40 | T48: =($B$5+$B$6+IF(OR($B$10,$C$10),25)+IF(OR($B$13,$C$13),25)+32)*(1+$B$7) -> 42 | U48: =($B$5+$B$6+IF(OR($B$10,$C$10),25)+IF(OR($B$13,$C$13),25)+36)*(1+$B$7) -> 46
A49: Level 2 | B49: =($C$5+$C$6+IF(OR($B$10,$C$10),25))*(1+$C$7) -> 11.42 | C49: =($C$5+$C$6+IF(OR($B$10,$C$10),25)+2)*(1+$C$7) -> 13.42 | D49: =($C$5+$C$6+IF(OR($B$10,$C$10),25)+4)*(1+$C$7) -> 15.42 | E49: =($C$5+$C$6+IF(OR($B$10,$C$10),25)+8)*(1+$C$7) -> 19.42 | F49: =($C$5+$C$6+IF(OR($B$10,$C$10),25)+8.75)*(1+$C$7) -> 20.17 | G49: =($C$5+$C$6+IF(OR($B$10,$C$10),25)+IF(OR($B$13,$C$13),25)+10.5)*(1+$C$7) -> 21.92 | H49: =($C$5+$C$6+IF(OR($B$10,$C$10),25)+10.75)*(1+$C$7) -> 22.17 | I49: =($C$5+$C$6+IF(OR($B$10,$C$10),25)+IF(OR($B$13,$C$13),25)+12.5)*(1+$C$7) -> 23.92 | J49: =($C$5+$C$6+IF(OR($B$10,$C$10),25)+12.75)*(1+$C$7) -> 24.17 | K49: =($C$5+$C$6+IF(OR($B$10,$C$10),25)+IF(OR($B$13,$C$13),25)+14.5)*(1+$C$7) -> 25.92 | L49: =($C$5+$C$6+IF(OR($B$10,$C$10),25)+16.75)*(1+$C$7) -> 28.17 | M49: =($C$5+$C$6+IF(OR($B$10,$C$10),25)+IF(OR($B$13,$C$13),25)+18.5)*(1+$C$7) -> 29.92 | N49: =($C$5+$C$6+IF(OR($B$10,$C$10),25)+IF(OR($B$13,$C$13),25)+19.25)*(1+$C$7) -> 30.67 | O49: =($C$5+$C$6+IF(OR($B$10,$C$10),25)+IF(OR($B$13,$C$13),25)+21.25)*(1+$C$7) -> 32.67 | P49: =($C$5+$C$6+IF(OR($B$10,$C$10),25)+IF(OR($B$13,$C$13),25)+23.25)*(1+$C$7) -> 34.67 | Q49: =($C$5+$C$6+IF(OR($B$10,$C$10),25)+IF(OR($B$13,$C$13),25)+27.25)*(1+$C$7) -> 38.67 | R49: =($C$5+$C$6+IF(OR($B$10,$C$10),25)+IF(OR($B$13,$C$13),25)+28)*(1+$C$7) -> 39.42 | S49: =($C$5+$C$6+IF(OR($B$10,$C$10),25)+IF(OR($B$13,$C$13),25)+30)*(1+$C$7) -> 41.42 | T49: =($C$5+$C$6+IF(OR($B$10,$C$10),25)+IF(OR($B$13,$C$13),25)+32)*(1+$C$7) -> 43.42 | U49: =($C$5+$C$6+IF(OR($B$10,$C$10),25)+IF(OR($B$13,$C$13),25)+36)*(1+$C$7) -> 47.42
A50: Level 3 | B50: =($D$5+$D$6+IF(OR($B$10,$C$10),25))*(1+$D$7) -> 12.99 | C50: =($D$5+$D$6+IF(OR($B$10,$C$10),25)+2)*(1+$D$7) -> 14.99 | D50: =($D$5+$D$6+IF(OR($B$10,$C$10),25)+4)*(1+$D$7) -> 16.99 | E50: =($D$5+$D$6+IF(OR($B$10,$C$10),25)+8)*(1+$D$7) -> 20.99 | F50: =($D$5+$D$6+IF(OR($B$10,$C$10),25)+8.75)*(1+$D$7) -> 21.74 | G50: =($D$5+$D$6+IF(OR($B$10,$C$10),25)+IF(OR($B$13,$C$13),25)+10.5)*(1+$D$7) -> 23.49 | H50: =($D$5+$D$6+IF(OR($B$10,$C$10),25)+10.75)*(1+$D$7) -> 23.74 | I50: =($D$5+$D$6+IF(OR($B$10,$C$10),25)+IF(OR($B$13,$C$13),25)+12.5)*(1+$D$7) -> 25.49 | J50: =($D$5+$D$6+IF(OR($B$10,$C$10),25)+12.75)*(1+$D$7) -> 25.74 | K50: =($D$5+$D$6+IF(OR($B$10,$C$10),25)+IF(OR($B$13,$C$13),25)+14.5)*(1+$D$7) -> 27.49 | L50: =($D$5+$D$6+IF(OR($B$10,$C$10),25)+16.75)*(1+$D$7) -> 29.74 | M50: =($D$5+$D$6+IF(OR($B$10,$C$10),25)+IF(OR($B$13,$C$13),25)+18.5)*(1+$D$7) -> 31.49 | N50: =($D$5+$D$6+IF(OR($B$10,$C$10),25)+IF(OR($B$13,$C$13),25)+19.25)*(1+$D$7) -> 32.24 | O50: =($D$5+$D$6+IF(OR($B$10,$C$10),25)+IF(OR($B$13,$C$13),25)+21.25)*(1+$D$7) -> 34.24 | P50: =($D$5+$D$6+IF(OR($B$10,$C$10),25)+IF(OR($B$13,$C$13),25)+23.25)*(1+$D$7) -> 36.24 | Q50: =($D$5+$D$6+IF(OR($B$10,$C$10),25)+IF(OR($B$13,$C$13),25)+27.25)*(1+$D$7) -> 40.24 | R50: =($D$5+$D$6+IF(OR($B$10,$C$10),25)+IF(OR($B$13,$C$13),25)+28)*(1+$D$7) -> 40.99 | S50: =($D$5+$D$6+IF(OR($B$10,$C$10),25)+IF(OR($B$13,$C$13),25)+30)*(1+$D$7) -> 42.99 | T50: =($D$5+$D$6+IF(OR($B$10,$C$10),25)+IF(OR($B$13,$C$13),25)+32)*(1+$D$7) -> 44.99 | U50: =($D$5+$D$6+IF(OR($B$10,$C$10),25)+IF(OR($B$13,$C$13),25)+36)*(1+$D$7) -> 48.99
A51: Level 4 | B51: =($E$5+$E$6+IF(OR($B$10,$C$10),25))*(1+$E$7) -> 14.71 | C51: =($E$5+$E$6+IF(OR($B$10,$C$10),25)+2)*(1+$E$7) -> 16.71 | D51: =($E$5+$E$6+IF(OR($B$10,$C$10),25)+4)*(1+$E$7) -> 18.71 | E51: =($E$5+$E$6+IF(OR($B$10,$C$10),25)+8)*(1+$E$7) -> 22.71 | F51: =($E$5+$E$6+IF(OR($B$10,$C$10),25)+8.75)*(1+$E$7) -> 23.46 | G51: =($E$5+$E$6+IF(OR($B$10,$C$10),25)+IF(OR($B$13,$C$13),25)+10.5)*(1+$E$7) -> 25.21 | H51: =($E$5+$E$6+IF(OR($B$10,$C$10),25)+10.75)*(1+$E$7) -> 25.46 | I51: =($E$5+$E$6+IF(OR($B$10,$C$10),25)+IF(OR($B$13,$C$13),25)+12.5)*(1+$E$7) -> 27.21 | J51: =($E$5+$E$6+IF(OR($B$10,$C$10),25)+12.75)*(1+$E$7) -> 27.46 | K51: =($E$5+$E$6+IF(OR($B$10,$C$10),25)+IF(OR($B$13,$C$13),25)+14.5)*(1+$E$7) -> 29.21 | L51: =($E$5+$E$6+IF(OR($B$10,$C$10),25)+16.75)*(1+$E$7) -> 31.46 | M51: =($E$5+$E$6+IF(OR($B$10,$C$10),25)+IF(OR($B$13,$C$13),25)+18.5)*(1+$E$7) -> 33.21 | N51: =($E$5+$E$6+IF(OR($B$10,$C$10),25)+IF(OR($B$13,$C$13),25)+19.25)*(1+$E$7) -> 33.96 | O51: =($E$5+$E$6+IF(OR($B$10,$C$10),25)+IF(OR($B$13,$C$13),25)+21.25)*(1+$E$7) -> 35.96 | P51: =($E$5+$E$6+IF(OR($B$10,$C$10),25)+IF(OR($B$13,$C$13),25)+23.25)*(1+$E$7) -> 37.96 | Q51: =($E$5+$E$6+IF(OR($B$10,$C$10),25)+IF(OR($B$13,$C$13),25)+27.25)*(1+$E$7) -> 41.96 | R51: =($E$5+$E$6+IF(OR($B$10,$C$10),25)+IF(OR($B$13,$C$13),25)+28)*(1+$E$7) -> 42.71 | S51: =($E$5+$E$6+IF(OR($B$10,$C$10),25)+IF(OR($B$13,$C$13),25)+30)*(1+$E$7) -> 44.71 | T51: =($E$5+$E$6+IF(OR($B$10,$C$10),25)+IF(OR($B$13,$C$13),25)+32)*(1+$E$7) -> 46.71 | U51: =($E$5+$E$6+IF(OR($B$10,$C$10),25)+IF(OR($B$13,$C$13),25)+36)*(1+$E$7) -> 50.71
A52: Level 5 | B52: =($F$5+$F$6+IF(OR($B$10,$C$10),25))*(1+$F$7) -> 51.6 | C52: =($F$5+$F$6+IF(OR($B$10,$C$10),25)+2)*(1+$F$7) -> 53.6 | D52: =($F$5+$F$6+IF(OR($B$10,$C$10),25)+4)*(1+$F$7) -> 55.6 | E52: =($F$5+$F$6+IF(OR($B$10,$C$10),25)+8)*(1+$F$7) -> 59.6 | F52: =($F$5+$F$6+IF(OR($B$10,$C$10),25)+8.75)*(1+$F$7) -> 60.35 | G52: =($F$5+$F$6+IF(OR($B$10,$C$10),25)+IF(OR($B$13,$C$13),25)+10.5)*(1+$F$7) -> 62.1 | H52: =($F$5+$F$6+IF(OR($B$10,$C$10),25)+10.75)*(1+$F$7) -> 62.35 | I52: =($F$5+$F$6+IF(OR($B$10,$C$10),25)+IF(OR($B$13,$C$13),25)+12.5)*(1+$F$7) -> 64.1 | J52: =($F$5+$F$6+IF(OR($B$10,$C$10),25)+12.75)*(1+$F$7) -> 64.35 | K52: =($F$5+$F$6+IF(OR($B$10,$C$10),25)+IF(OR($B$13,$C$13),25)+14.5)*(1+$F$7) -> 66.1 | L52: =($F$5+$F$6+IF(OR($B$10,$C$10),25)+16.75)*(1+$F$7) -> 68.35 | M52: =($F$5+$F$6+IF(OR($B$10,$C$10),25)+IF(OR($B$13,$C$13),25)+18.5)*(1+$F$7) -> 70.1 | N52: =($F$5+$F$6+IF(OR($B$10,$C$10),25)+IF(OR($B$13,$C$13),25)+19.25)*(1+$F$7) -> 70.85 | O52: =($F$5+$F$6+IF(OR($B$10,$C$10),25)+IF(OR($B$13,$C$13),25)+21.25)*(1+$F$7) -> 72.85 | P52: =($F$5+$F$6+IF(OR($B$10,$C$10),25)+IF(OR($B$13,$C$13),25)+23.25)*(1+$F$7) -> 74.85 | Q52: =($F$5+$F$6+IF(OR($B$10,$C$10),25)+IF(OR($B$13,$C$13),25)+27.25)*(1+$F$7) -> 78.85 | R52: =($F$5+$F$6+IF(OR($B$10,$C$10),25)+IF(OR($B$13,$C$13),25)+28)*(1+$F$7) -> 79.6 | S52: =($F$5+$F$6+IF(OR($B$10,$C$10),25)+IF(OR($B$13,$C$13),25)+30)*(1+$F$7) -> 81.6 | T52: =($F$5+$F$6+IF(OR($B$10,$C$10),25)+IF(OR($B$13,$C$13),25)+32)*(1+$F$7) -> 83.6 | U52: =($F$5+$F$6+IF(OR($B$10,$C$10),25)+IF(OR($B$13,$C$13),25)+36)*(1+$F$7) -> 87.6
A53: Level 6 | B53: =($G$5+$G$6+IF(OR($B$10,$C$10),25))*(1+$G$7) -> 53.68 | C53: =($G$5+$G$6+IF(OR($B$10,$C$10),25)+2)*(1+$G$7) -> 55.68 | D53: =($G$5+$G$6+IF(OR($B$10,$C$10),25)+4)*(1+$G$7) -> 57.68 | E53: =($G$5+$G$6+IF(OR($B$10,$C$10),25)+8)*(1+$G$7) -> 61.68 | F53: =($G$5+$G$6+IF(OR($B$10,$C$10),25)+8.75)*(1+$G$7) -> 62.43 | G53: =($G$5+$G$6+IF(OR($B$10,$C$10),25)+IF(OR($B$13,$C$13),25)+10.5)*(1+$G$7) -> 64.18 | H53: =($G$5+$G$6+IF(OR($B$10,$C$10),25)+10.75)*(1+$G$7) -> 64.43 | I53: =($G$5+$G$6+IF(OR($B$10,$C$10),25)+IF(OR($B$13,$C$13),25)+12.5)*(1+$G$7) -> 66.18 | J53: =($G$5+$G$6+IF(OR($B$10,$C$10),25)+12.75)*(1+$G$7) -> 66.43 | K53: =($G$5+$G$6+IF(OR($B$10,$C$10),25)+IF(OR($B$13,$C$13),25)+14.5)*(1+$G$7) -> 68.18 | L53: =($G$5+$G$6+IF(OR($B$10,$C$10),25)+16.75)*(1+$G$7) -> 70.43 | M53: =($G$5+$G$6+IF(OR($B$10,$C$10),25)+IF(OR($B$13,$C$13),25)+18.5)*(1+$G$7) -> 72.18 | N53: =($G$5+$G$6+IF(OR($B$10,$C$10),25)+IF(OR($B$13,$C$13),25)+19.25)*(1+$G$7) -> 72.93 | O53: =($G$5+$G$6+IF(OR($B$10,$C$10),25)+IF(OR($B$13,$C$13),25)+21.25)*(1+$G$7) -> 74.93 | P53: =($G$5+$G$6+IF(OR($B$10,$C$10),25)+IF(OR($B$13,$C$13),25)+23.25)*(1+$G$7) -> 76.93 | Q53: =($G$5+$G$6+IF(OR($B$10,$C$10),25)+IF(OR($B$13,$C$13),25)+27.25)*(1+$G$7) -> 80.93 | R53: =($G$5+$G$6+IF(OR($B$10,$C$10),25)+IF(OR($B$13,$C$13),25)+28)*(1+$G$7) -> 81.68 | S53: =($G$5+$G$6+IF(OR($B$10,$C$10),25)+IF(OR($B$13,$C$13),25)+30)*(1+$G$7) -> 83.68 | T53: =($G$5+$G$6+IF(OR($B$10,$C$10),25)+IF(OR($B$13,$C$13),25)+32)*(1+$G$7) -> 85.68 | U53: =($G$5+$G$6+IF(OR($B$10,$C$10),25)+IF(OR($B$13,$C$13),25)+36)*(1+$G$7) -> 89.68
A54: Level 7 | B54: =($H$5+$H$6+IF(OR($B$10,$C$10),25))*(1+$H$7) -> 55.97 | C54: =($H$5+$H$6+IF(OR($B$10,$C$10),25)+2)*(1+$H$7) -> 57.97 | D54: =($H$5+$H$6+IF(OR($B$10,$C$10),25)+4)*(1+$H$7) -> 59.97 | E54: =($H$5+$H$6+IF(OR($B$10,$C$10),25)+8)*(1+$H$7) -> 63.97 | F54: =($H$5+$H$6+IF(OR($B$10,$C$10),25)+8.75)*(1+$H$7) -> 64.72 | G54: =($H$5+$H$6+IF(OR($B$10,$C$10),25)+IF(OR($B$13,$C$13),25)+10.5)*(1+$H$7) -> 66.47 | H54: =($H$5+$H$6+IF(OR($B$10,$C$10),25)+10.75)*(1+$H$7) -> 66.72 | I54: =($H$5+$H$6+IF(OR($B$10,$C$10),25)+IF(OR($B$13,$C$13),25)+12.5)*(1+$H$7) -> 68.47 | J54: =($H$5+$H$6+IF(OR($B$10,$C$10),25)+12.75)*(1+$H$7) -> 68.72 | K54: =($H$5+$H$6+IF(OR($B$10,$C$10),25)+IF(OR($B$13,$C$13),25)+14.5)*(1+$H$7) -> 70.47 | L54: =($H$5+$H$6+IF(OR($B$10,$C$10),25)+16.75)*(1+$H$7) -> 72.72 | M54: =($H$5+$H$6+IF(OR($B$10,$C$10),25)+IF(OR($B$13,$C$13),25)+18.5)*(1+$H$7) -> 74.47 | N54: =($H$5+$H$6+IF(OR($B$10,$C$10),25)+IF(OR($B$13,$C$13),25)+19.25)*(1+$H$7) -> 75.22 | O54: =($H$5+$H$6+IF(OR($B$10,$C$10),25)+IF(OR($B$13,$C$13),25)+21.25)*(1+$H$7) -> 77.22 | P54: =($H$5+$H$6+IF(OR($B$10,$C$10),25)+IF(OR($B$13,$C$13),25)+23.25)*(1+$H$7) -> 79.22 | Q54: =($H$5+$H$6+IF(OR($B$10,$C$10),25)+IF(OR($B$13,$C$13),25)+27.25)*(1+$H$7) -> 83.22 | R54: =($H$5+$H$6+IF(OR($B$10,$C$10),25)+IF(OR($B$13,$C$13),25)+28)*(1+$H$7) -> 83.97 | S54: =($H$5+$H$6+IF(OR($B$10,$C$10),25)+IF(OR($B$13,$C$13),25)+30)*(1+$H$7) -> 85.97 | T54: =($H$5+$H$6+IF(OR($B$10,$C$10),25)+IF(OR($B$13,$C$13),25)+32)*(1+$H$7) -> 87.97 | U54: =($H$5+$H$6+IF(OR($B$10,$C$10),25)+IF(OR($B$13,$C$13),25)+36)*(1+$H$7) -> 91.97
A55: Level 8 | B55: =($I$5+$I$6+IF(OR($B$10,$C$10),25))*(1+$I$7) -> 58.49 | C55: =($I$5+$I$6+IF(OR($B$10,$C$10),25)+2)*(1+$I$7) -> 60.49 | D55: =($I$5+$I$6+IF(OR($B$10,$C$10),25)+4)*(1+$I$7) -> 62.49 | E55: =($I$5+$I$6+IF(OR($B$10,$C$10),25)+8)*(1+$I$7) -> 66.49 | F55: =($I$5+$I$6+IF(OR($B$10,$C$10),25)+8.75)*(1+$I$7) -> 67.24 | G55: =($I$5+$I$6+IF(OR($B$10,$C$10),25)+IF(OR($B$13,$C$13),25)+10.5)*(1+$I$7) -> 68.99 | H55: =($I$5+$I$6+IF(OR($B$10,$C$10),25)+10.75)*(1+$I$7) -> 69.24 | I55: =($I$5+$I$6+IF(OR($B$10,$C$10),25)+IF(OR($B$13,$C$13),25)+12.5)*(1+$I$7) -> 70.99 | J55: =($I$5+$I$6+IF(OR($B$10,$C$10),25)+12.75)*(1+$I$7) -> 71.24 | K55: =($I$5+$I$6+IF(OR($B$10,$C$10),25)+IF(OR($B$13,$C$13),25)+14.5)*(1+$I$7) -> 72.99 | L55: =($I$5+$I$6+IF(OR($B$10,$C$10),25)+16.75)*(1+$I$7) -> 75.24 | M55: =($I$5+$I$6+IF(OR($B$10,$C$10),25)+IF(OR($B$13,$C$13),25)+18.5)*(1+$I$7) -> 76.99 | N55: =($I$5+$I$6+IF(OR($B$10,$C$10),25)+IF(OR($B$13,$C$13),25)+19.25)*(1+$I$7) -> 77.74 | O55: =($I$5+$I$6+IF(OR($B$10,$C$10),25)+IF(OR($B$13,$C$13),25)+21.25)*(1+$I$7) -> 79.74 | P55: =($I$5+$I$6+IF(OR($B$10,$C$10),25)+IF(OR($B$13,$C$13),25)+23.25)*(1+$I$7) -> 81.74 | Q55: =($I$5+$I$6+IF(OR($B$10,$C$10),25)+IF(OR($B$13,$C$13),25)+27.25)*(1+$I$7) -> 85.74 | R55: =($I$5+$I$6+IF(OR($B$10,$C$10),25)+IF(OR($B$13,$C$13),25)+28)*(1+$I$7) -> 86.49 | S55: =($I$5+$I$6+IF(OR($B$10,$C$10),25)+IF(OR($B$13,$C$13),25)+30)*(1+$I$7) -> 88.49 | T55: =($I$5+$I$6+IF(OR($B$10,$C$10),25)+IF(OR($B$13,$C$13),25)+32)*(1+$I$7) -> 90.49 | U55: =($I$5+$I$6+IF(OR($B$10,$C$10),25)+IF(OR($B$13,$C$13),25)+36)*(1+$I$7) -> 94.49
A56: Level 9 | B56: =($J$5+$J$6+IF(OR($B$10,$C$10),25))*(1+$J$7) -> 61.27 | C56: =($J$5+$J$6+IF(OR($B$10,$C$10),25)+2)*(1+$J$7) -> 63.27 | D56: =($J$5+$J$6+IF(OR($B$10,$C$10),25)+4)*(1+$J$7) -> 65.27 | E56: =($J$5+$J$6+IF(OR($B$10,$C$10),25)+8)*(1+$J$7) -> 69.27 | F56: =($J$5+$J$6+IF(OR($B$10,$C$10),25)+8.75)*(1+$J$7) -> 70.02 | G56: =($J$5+$J$6+IF(OR($B$10,$C$10),25)+IF(OR($B$13,$C$13),25)+10.5)*(1+$J$7) -> 71.77 | H56: =($J$5+$J$6+IF(OR($B$10,$C$10),25)+10.75)*(1+$J$7) -> 72.02 | I56: =($J$5+$J$6+IF(OR($B$10,$C$10),25)+IF(OR($B$13,$C$13),25)+12.5)*(1+$J$7) -> 73.77 | J56: =($J$5+$J$6+IF(OR($B$10,$C$10),25)+12.75)*(1+$J$7) -> 74.02 | K56: =($J$5+$J$6+IF(OR($B$10,$C$10),25)+IF(OR($B$13,$C$13),25)+14.5)*(1+$J$7) -> 75.77 | L56: =($J$5+$J$6+IF(OR($B$10,$C$10),25)+16.75)*(1+$J$7) -> 78.02 | M56: =($J$5+$J$6+IF(OR($B$10,$C$10),25)+IF(OR($B$13,$C$13),25)+18.5)*(1+$J$7) -> 79.77 | N56: =($J$5+$J$6+IF(OR($B$10,$C$10),25)+IF(OR($B$13,$C$13),25)+19.25)*(1+$J$7) -> 80.52 | O56: =($J$5+$J$6+IF(OR($B$10,$C$10),25)+IF(OR($B$13,$C$13),25)+21.25)*(1+$J$7) -> 82.52 | P56: =($J$5+$J$6+IF(OR($B$10,$C$10),25)+IF(OR($B$13,$C$13),25)+23.25)*(1+$J$7) -> 84.52 | Q56: =($J$5+$J$6+IF(OR($B$10,$C$10),25)+IF(OR($B$13,$C$13),25)+27.25)*(1+$J$7) -> 88.52 | R56: =($J$5+$J$6+IF(OR($B$10,$C$10),25)+IF(OR($B$13,$C$13),25)+28)*(1+$J$7) -> 89.27 | S56: =($J$5+$J$6+IF(OR($B$10,$C$10),25)+IF(OR($B$13,$C$13),25)+30)*(1+$J$7) -> 91.27 | T56: =($J$5+$J$6+IF(OR($B$10,$C$10),25)+IF(OR($B$13,$C$13),25)+32)*(1+$J$7) -> 93.27 | U56: =($J$5+$J$6+IF(OR($B$10,$C$10),25)+IF(OR($B$13,$C$13),25)+36)*(1+$J$7) -> 97.27
A57: Level 10 | B57: =($K$5+$K$6+IF(OR($B$10,$C$10),25))*(1+$K$7) -> 64.34 | C57: =($K$5+$K$6+IF(OR($B$10,$C$10),25)+2)*(1+$K$7) -> 66.34 | D57: =($K$5+$K$6+IF(OR($B$10,$C$10),25)+4)*(1+$K$7) -> 68.34 | E57: =($K$5+$K$6+IF(OR($B$10,$C$10),25)+8)*(1+$K$7) -> 72.34 | F57: =($K$5+$K$6+IF(OR($B$10,$C$10),25)+8.75)*(1+$K$7) -> 73.09 | G57: =($K$5+$K$6+IF(OR($B$10,$C$10),25)+IF(OR($B$13,$C$13),25)+10.5)*(1+$K$7) -> 74.84 | H57: =($K$5+$K$6+IF(OR($B$10,$C$10),25)+10.75)*(1+$K$7) -> 75.09 | I57: =($K$5+$K$6+IF(OR($B$10,$C$10),25)+IF(OR($B$13,$C$13),25)+12.5)*(1+$K$7) -> 76.84 | J57: =($K$5+$K$6+IF(OR($B$10,$C$10),25)+12.75)*(1+$K$7) -> 77.09 | K57: =($K$5+$K$6+IF(OR($B$10,$C$10),25)+IF(OR($B$13,$C$13),25)+14.5)*(1+$K$7) -> 78.84 | L57: =($K$5+$K$6+IF(OR($B$10,$C$10),25)+16.75)*(1+$K$7) -> 81.09 | M57: =($K$5+$K$6+IF(OR($B$10,$C$10),25)+IF(OR($B$13,$C$13),25)+18.5)*(1+$K$7) -> 82.84 | N57: =($K$5+$K$6+IF(OR($B$10,$C$10),25)+IF(OR($B$13,$C$13),25)+19.25)*(1+$K$7) -> 83.59 | O57: =($K$5+$K$6+IF(OR($B$10,$C$10),25)+IF(OR($B$13,$C$13),25)+21.25)*(1+$K$7) -> 85.59 | P57: =($K$5+$K$6+IF(OR($B$10,$C$10),25)+IF(OR($B$13,$C$13),25)+23.25)*(1+$K$7) -> 87.59 | Q57: =($K$5+$K$6+IF(OR($B$10,$C$10),25)+IF(OR($B$13,$C$13),25)+27.25)*(1+$K$7) -> 91.59 | R57: =($K$5+$K$6+IF(OR($B$10,$C$10),25)+IF(OR($B$13,$C$13),25)+28)*(1+$K$7) -> 92.34 | S57: =($K$5+$K$6+IF(OR($B$10,$C$10),25)+IF(OR($B$13,$C$13),25)+30)*(1+$K$7) -> 94.34 | T57: =($K$5+$K$6+IF(OR($B$10,$C$10),25)+IF(OR($B$13,$C$13),25)+32)*(1+$K$7) -> 96.34 | U57: =($K$5+$K$6+IF(OR($B$10,$C$10),25)+IF(OR($B$13,$C$13),25)+36)*(1+$K$7) -> 100.34
A58: Level 11 | B58: =($L$5+$L$6+IF(OR($B$10,$C$10),25))*(1+$L$7) -> 67.72 | C58: =($L$5+$L$6+IF(OR($B$10,$C$10),25)+2)*(1+$L$7) -> 69.72 | D58: =($L$5+$L$6+IF(OR($B$10,$C$10),25)+4)*(1+$L$7) -> 71.72 | E58: =($L$5+$L$6+IF(OR($B$10,$C$10),25)+8)*(1+$L$7) -> 75.72 | F58: =($L$5+$L$6+IF(OR($B$10,$C$10),25)+8.75)*(1+$L$7) -> 76.47 | G58: =($L$5+$L$6+IF(OR($B$10,$C$10),25)+IF(OR($B$13,$C$13),25)+10.5)*(1+$L$7) -> 78.22 | H58: =($L$5+$L$6+IF(OR($B$10,$C$10),25)+10.75)*(1+$L$7) -> 78.47 | I58: =($L$5+$L$6+IF(OR($B$10,$C$10),25)+IF(OR($B$13,$C$13),25)+12.5)*(1+$L$7) -> 80.22 | J58: =($L$5+$L$6+IF(OR($B$10,$C$10),25)+12.75)*(1+$L$7) -> 80.47 | K58: =($L$5+$L$6+IF(OR($B$10,$C$10),25)+IF(OR($B$13,$C$13),25)+14.5)*(1+$L$7) -> 82.22 | L58: =($L$5+$L$6+IF(OR($B$10,$C$10),25)+16.75)*(1+$L$7) -> 84.47 | M58: =($L$5+$L$6+IF(OR($B$10,$C$10),25)+IF(OR($B$13,$C$13),25)+18.5)*(1+$L$7) -> 86.22 | N58: =($L$5+$L$6+IF(OR($B$10,$C$10),25)+IF(OR($B$13,$C$13),25)+19.25)*(1+$L$7) -> 86.97 | O58: =($L$5+$L$6+IF(OR($B$10,$C$10),25)+IF(OR($B$13,$C$13),25)+21.25)*(1+$L$7) -> 88.97 | P58: =($L$5+$L$6+IF(OR($B$10,$C$10),25)+IF(OR($B$13,$C$13),25)+23.25)*(1+$L$7) -> 90.97 | Q58: =($L$5+$L$6+IF(OR($B$10,$C$10),25)+IF(OR($B$13,$C$13),25)+27.25)*(1+$L$7) -> 94.97 | R58: =($L$5+$L$6+IF(OR($B$10,$C$10),25)+IF(OR($B$13,$C$13),25)+28)*(1+$L$7) -> 95.72 | S58: =($L$5+$L$6+IF(OR($B$10,$C$10),25)+IF(OR($B$13,$C$13),25)+30)*(1+$L$7) -> 97.72 | T58: =($L$5+$L$6+IF(OR($B$10,$C$10),25)+IF(OR($B$13,$C$13),25)+32)*(1+$L$7) -> 99.72 | U58: =($L$5+$L$6+IF(OR($B$10,$C$10),25)+IF(OR($B$13,$C$13),25)+36)*(1+$L$7) -> 103.72
A59: Level 12 | B59: =($M$5+$M$6+IF(OR($B$10,$C$10),25))*(1+$M$7) -> 71.44 | C59: =($M$5+$M$6+IF(OR($B$10,$C$10),25)+2)*(1+$M$7) -> 73.44 | D59: =($M$5+$M$6+IF(OR($B$10,$C$10),25)+4)*(1+$M$7) -> 75.44 | E59: =($M$5+$M$6+IF(OR($B$10,$C$10),25)+8)*(1+$M$7) -> 79.44 | F59: =($M$5+$M$6+IF(OR($B$10,$C$10),25)+8.75)*(1+$M$7) -> 80.19 | G59: =($M$5+$M$6+IF(OR($B$10,$C$10),25)+IF(OR($B$13,$C$13),25)+10.5)*(1+$M$7) -> 81.94 | H59: =($M$5+$M$6+IF(OR($B$10,$C$10),25)+10.75)*(1+$M$7) -> 82.19 | I59: =($M$5+$M$6+IF(OR($B$10,$C$10),25)+IF(OR($B$13,$C$13),25)+12.5)*(1+$M$7) -> 83.94 | J59: =($M$5+$M$6+IF(OR($B$10,$C$10),25)+12.75)*(1+$M$7) -> 84.19 | K59: =($M$5+$M$6+IF(OR($B$10,$C$10),25)+IF(OR($B$13,$C$13),25)+14.5)*(1+$M$7) -> 85.94 | L59: =($M$5+$M$6+IF(OR($B$10,$C$10),25)+16.75)*(1+$M$7) -> 88.19 | M59: =($M$5+$M$6+IF(OR($B$10,$C$10),25)+IF(OR($B$13,$C$13),25)+18.5)*(1+$M$7) -> 89.94 | N59: =($M$5+$M$6+IF(OR($B$10,$C$10),25)+IF(OR($B$13,$C$13),25)+19.25)*(1+$M$7) -> 90.69 | O59: =($M$5+$M$6+IF(OR($B$10,$C$10),25)+IF(OR($B$13,$C$13),25)+21.25)*(1+$M$7) -> 92.69 | P59: =($M$5+$M$6+IF(OR($B$10,$C$10),25)+IF(OR($B$13,$C$13),25)+23.25)*(1+$M$7) -> 94.69 | Q59: =($M$5+$M$6+IF(OR($B$10,$C$10),25)+IF(OR($B$13,$C$13),25)+27.25)*(1+$M$7) -> 98.69 | R59: =($M$5+$M$6+IF(OR($B$10,$C$10),25)+IF(OR($B$13,$C$13),25)+28)*(1+$M$7) -> 99.44 | S59: =($M$5+$M$6+IF(OR($B$10,$C$10),25)+IF(OR($B$13,$C$13),25)+30)*(1+$M$7) -> 101.44 | T59: =($M$5+$M$6+IF(OR($B$10,$C$10),25)+IF(OR($B$13,$C$13),25)+32)*(1+$M$7) -> 103.44 | U59: =($M$5+$M$6+IF(OR($B$10,$C$10),25)+IF(OR($B$13,$C$13),25)+36)*(1+$M$7) -> 107.44
A60: Level 13 | B60: =($N$5+$N$6+IF(OR($B$10,$C$10),25))*(1+$N$7) -> 75.53 | C60: =($N$5+$N$6+IF(OR($B$10,$C$10),25)+2)*(1+$N$7) -> 77.53 | D60: =($N$5+$N$6+IF(OR($B$10,$C$10),25)+4)*(1+$N$7) -> 79.53 | E60: =($N$5+$N$6+IF(OR($B$10,$C$10),25)+8)*(1+$N$7) -> 83.53 | F60: =($N$5+$N$6+IF(OR($B$10,$C$10),25)+8.75)*(1+$N$7) -> 84.28 | G60: =($N$5+$N$6+IF(OR($B$10,$C$10),25)+IF(OR($B$13,$C$13),25)+10.5)*(1+$N$7) -> 86.03 | H60: =($N$5+$N$6+IF(OR($B$10,$C$10),25)+10.75)*(1+$N$7) -> 86.28 | I60: =($N$5+$N$6+IF(OR($B$10,$C$10),25)+IF(OR($B$13,$C$13),25)+12.5)*(1+$N$7) -> 88.03 | J60: =($N$5+$N$6+IF(OR($B$10,$C$10),25)+12.75)*(1+$N$7) -> 88.28 | K60: =($N$5+$N$6+IF(OR($B$10,$C$10),25)+IF(OR($B$13,$C$13),25)+14.5)*(1+$N$7) -> 90.03 | L60: =($N$5+$N$6+IF(OR($B$10,$C$10),25)+16.75)*(1+$N$7) -> 92.28 | M60: =($N$5+$N$6+IF(OR($B$10,$C$10),25)+IF(OR($B$13,$C$13),25)+18.5)*(1+$N$7) -> 94.03 | N60: =($N$5+$N$6+IF(OR($B$10,$C$10),25)+IF(OR($B$13,$C$13),25)+19.25)*(1+$N$7) -> 94.78 | O60: =($N$5+$N$6+IF(OR($B$10,$C$10),25)+IF(OR($B$13,$C$13),25)+21.25)*(1+$N$7) -> 96.78 | P60: =($N$5+$N$6+IF(OR($B$10,$C$10),25)+IF(OR($B$13,$C$13),25)+23.25)*(1+$N$7) -> 98.78 | Q60: =($N$5+$N$6+IF(OR($B$10,$C$10),25)+IF(OR($B$13,$C$13),25)+27.25)*(1+$N$7) -> 102.78 | R60: =($N$5+$N$6+IF(OR($B$10,$C$10),25)+IF(OR($B$13,$C$13),25)+28)*(1+$N$7) -> 103.53 | S60: =($N$5+$N$6+IF(OR($B$10,$C$10),25)+IF(OR($B$13,$C$13),25)+30)*(1+$N$7) -> 105.53 | T60: =($N$5+$N$6+IF(OR($B$10,$C$10),25)+IF(OR($B$13,$C$13),25)+32)*(1+$N$7) -> 107.53 | U60: =($N$5+$N$6+IF(OR($B$10,$C$10),25)+IF(OR($B$13,$C$13),25)+36)*(1+$N$7) -> 111.53
A61: Level 14 | B61: =($O$5+$O$6+IF(OR($B$10,$C$10),25))*(1+$O$7) -> 80.03 | C61: =($O$5+$O$6+IF(OR($B$10,$C$10),25)+2)*(1+$O$7) -> 82.03 | D61: =($O$5+$O$6+IF(OR($B$10,$C$10),25)+4)*(1+$O$7) -> 84.03 | E61: =($O$5+$O$6+IF(OR($B$10,$C$10),25)+8)*(1+$O$7) -> 88.03 | F61: =($O$5+$O$6+IF(OR($B$10,$C$10),25)+8.75)*(1+$O$7) -> 88.78 | G61: =($O$5+$O$6+IF(OR($B$10,$C$10),25)+IF(OR($B$13,$C$13),25)+10.5)*(1+$O$7) -> 90.53 | H61: =($O$5+$O$6+IF(OR($B$10,$C$10),25)+10.75)*(1+$O$7) -> 90.78 | I61: =($O$5+$O$6+IF(OR($B$10,$C$10),25)+IF(OR($B$13,$C$13),25)+12.5)*(1+$O$7) -> 92.53 | J61: =($O$5+$O$6+IF(OR($B$10,$C$10),25)+12.75)*(1+$O$7) -> 92.78 | K61: =($O$5+$O$6+IF(OR($B$10,$C$10),25)+IF(OR($B$13,$C$13),25)+14.5)*(1+$O$7) -> 94.53 | L61: =($O$5+$O$6+IF(OR($B$10,$C$10),25)+16.75)*(1+$O$7) -> 96.78 | M61: =($O$5+$O$6+IF(OR($B$10,$C$10),25)+IF(OR($B$13,$C$13),25)+18.5)*(1+$O$7) -> 98.53 | N61: =($O$5+$O$6+IF(OR($B$10,$C$10),25)+IF(OR($B$13,$C$13),25)+19.25)*(1+$O$7) -> 99.28 | O61: =($O$5+$O$6+IF(OR($B$10,$C$10),25)+IF(OR($B$13,$C$13),25)+21.25)*(1+$O$7) -> 101.28 | P61: =($O$5+$O$6+IF(OR($B$10,$C$10),25)+IF(OR($B$13,$C$13),25)+23.25)*(1+$O$7) -> 103.28 | Q61: =($O$5+$O$6+IF(OR($B$10,$C$10),25)+IF(OR($B$13,$C$13),25)+27.25)*(1+$O$7) -> 107.28 | R61: =($O$5+$O$6+IF(OR($B$10,$C$10),25)+IF(OR($B$13,$C$13),25)+28)*(1+$O$7) -> 108.03 | S61: =($O$5+$O$6+IF(OR($B$10,$C$10),25)+IF(OR($B$13,$C$13),25)+30)*(1+$O$7) -> 110.03 | T61: =($O$5+$O$6+IF(OR($B$10,$C$10),25)+IF(OR($B$13,$C$13),25)+32)*(1+$O$7) -> 112.03 | U61: =($O$5+$O$6+IF(OR($B$10,$C$10),25)+IF(OR($B$13,$C$13),25)+36)*(1+$O$7) -> 116.03
A62: Level 15 | B62: =($P$5+$P$6+IF(OR($B$10,$C$10),25))*(1+$P$7) -> 84.99 | C62: =($P$5+$P$6+IF(OR($B$10,$C$10),25)+2)*(1+$P$7) -> 86.99 | D62: =($P$5+$P$6+IF(OR($B$10,$C$10),25)+4)*(1+$P$7) -> 88.99 | E62: =($P$5+$P$6+IF(OR($B$10,$C$10),25)+8)*(1+$P$7) -> 92.99 | F62: =($P$5+$P$6+IF(OR($B$10,$C$10),25)+8.75)*(1+$P$7) -> 93.74 | G62: =($P$5+$P$6+IF(OR($B$10,$C$10),25)+IF(OR($B$13,$C$13),25)+10.5)*(1+$P$7) -> 95.49 | H62: =($P$5+$P$6+IF(OR($B$10,$C$10),25)+10.75)*(1+$P$7) -> 95.74 | I62: =($P$5+$P$6+IF(OR($B$10,$C$10),25)+IF(OR($B$13,$C$13),25)+12.5)*(1+$P$7) -> 97.49 | J62: =($P$5+$P$6+IF(OR($B$10,$C$10),25)+12.75)*(1+$P$7) -> 97.74 | K62: =($P$5+$P$6+IF(OR($B$10,$C$10),25)+IF(OR($B$13,$C$13),25)+14.5)*(1+$P$7) -> 99.49 | L62: =($P$5+$P$6+IF(OR($B$10,$C$10),25)+16.75)*(1+$P$7) -> 101.74 | M62: =($P$5+$P$6+IF(OR($B$10,$C$10),25)+IF(OR($B$13,$C$13),25)+18.5)*(1+$P$7) -> 103.49 | N62: =($P$5+$P$6+IF(OR($B$10,$C$10),25)+IF(OR($B$13,$C$13),25)+19.25)*(1+$P$7) -> 104.24 | O62: =($P$5+$P$6+IF(OR($B$10,$C$10),25)+IF(OR($B$13,$C$13),25)+21.25)*(1+$P$7) -> 106.24 | P62: =($P$5+$P$6+IF(OR($B$10,$C$10),25)+IF(OR($B$13,$C$13),25)+23.25)*(1+$P$7) -> 108.24 | Q62: =($P$5+$P$6+IF(OR($B$10,$C$10),25)+IF(OR($B$13,$C$13),25)+27.25)*(1+$P$7) -> 112.24 | R62: =($P$5+$P$6+IF(OR($B$10,$C$10),25)+IF(OR($B$13,$C$13),25)+28)*(1+$P$7) -> 112.99 | S62: =($P$5+$P$6+IF(OR($B$10,$C$10),25)+IF(OR($B$13,$C$13),25)+30)*(1+$P$7) -> 114.99 | T62: =($P$5+$P$6+IF(OR($B$10,$C$10),25)+IF(OR($B$13,$C$13),25)+32)*(1+$P$7) -> 116.99 | U62: =($P$5+$P$6+IF(OR($B$10,$C$10),25)+IF(OR($B$13,$C$13),25)+36)*(1+$P$7) -> 120.99

Sheet Base Atk Speed
B1: 1 | C1: 2 | D1: 3 | E1: 4 | F1: 5 | G1: 6 | H1: 7 | I1: 8 | J1: 9 | K1: 10 | L1: 11 | M1: 12 | N1: 13 | O1: 14 | P1: 15
A2: Absol | B2: 10 | C2: 10.71 | D2: 11.49 | E2: 12.35 | F2: 13.29 | G2: 14.33 | H2: 15.48 | I2: 16.74 | J2: 18.13 | K2: 19.66 | L2: 21.35 | M2: 23.21 | N2: 25.26 | O2: 27.51 | P2: 29.99
A3: Aegislash | B3: 15 | C3: 15.98 | D3: 17.16 | E3: 18.57 | F3: 21.77 | G3: 23.81 | H3: 29.25 | I3: 35.18 | J3: 35.7 | K3: 39.92 | L3: 44.99 | M3: 44.99 | N3: 44.99 | O3: 44.99 | P3: 44.99
A4: Alcremie | B4: 10 | C4: 10.22 | D4: 10.47 | E4: 11.76 | F4: 12.1 | G4: 12.49 | H4: 12.94 | I4: 13.45 | J4: 14.04 | K4: 14.72 | L4: 15.5 | M4: 16.4 | N4: 17.43 | O4: 18.62 | P4: 19.99
A5: Armarouge | B5: 10 | C5: 10.89 | D5: 11.91 | E5: 13.08 | F5: 18.43 | G5: 19.98 | H5: 21.76 | I5: 23.82 | J5: 26.18 | K5: 28.9 | L5: 32.03 | M5: 35.63 | N5: 39.77 | O5: 44.53 | P5: 50
A6: Articuno | B6: 10 | C6: 10.72 | D6: 11.5 | E6: 12.37 | F6: 13.32 | G6: 14.36 | H6: 15.51 | I6: 16.78 | J6: 18.17 | K6: 19.71 | L6: 21.39 | M6: 23.24 | N6: 25.29 | O6: 27.53 | P6: 30
A7: Azumarill | B7: 10 | C7: 10.67 | D7: 11.43 | E7: 15.31 | F7: 16.32 | G7: 17.48 | H7: 18.82 | I7: 20.36 | J7: 22.13 | K7: 24.17 | L7: 26.52 | M7: 29.22 | N7: 32.33 | O7: 35.9 | P7: 40
A8: Blastoise | B8: 10 | C8: 10.29 | D8: 10.63 | E8: 11.04 | F8: 12.54 | G8: 13.14 | H8: 15.86 | I8: 16.72 | J8: 17.75 | K8: 18.98 | L8: 20.46 | M8: 22.24 | N8: 24.37 | O8: 26.93 | P8: 30
A9: Blaziken | B9: 10 | C9: 10.29 | D9: 10.63 | E9: 11.04 | F9: 12.54 | G9: 13.14 | H9: 15.86 | I9: 16.72 | J9: 17.75 | K9: 18.98 | L9: 20.46 | M9: 22.24 | N9: 24.37 | O9: 26.93 | P9: 30
A10: Blissey | B10: 10 | C10: 10.22 | D10: 10.47 | E10: 11.76 | F10: 12.1 | G10: 12.49 | H10: 12.94 | I10: 13.45 | J10: 14.04 | K10: 14.72 | L10: 15.5 | M10: 16.4 | N10: 17.43 | O10: 18.62 | P10: 19.99
A11: Buzzwole | B11: 10 | C11: 10.71 | D11: 11.49 | E11: 12.35 | F11: 13.29 | G11: 14.33 | H11: 15.48 | I11: 16.74 | J11: 18.13 | K11: 19.66 | L11: 21.35 | M11: 23.21 | N11: 25.26 | O11: 27.51 | P11: 29.99
A12: Ceruledge | B12: 10 | C12: 10.89 | D12: 11.91 | E12: 13.08 | F12: 18.43 | G12: 19.98 | H12: 21.76 | I12: 23.82 | J12: 26.18 | K12: 28.9 | L12: 32.03 | M12: 35.63 | N12: 39.77 | O12: 44.53 | P12: 50
A13: Chandelure | B13: 10 | C13: 10.29 | D13: 10.63 | E13: 11.04 | F13: 12.54 | G13: 0 | H13: 15.86 | I13: 16.72 | J13: 17.75 | K13: 18.98 | L13: 20.46 | M13: 22.24 | N13: 24.37 | O13: 26.93 | P13: 30
... A99: Zoroark | B99: 10 | C99: 10.44 | D99: 10.95 | E99: 11.54 | F99: 14.22 | G99: 15 | H99: 15.89 | I99: 16.92 | J99: 18.1 | K99: 19.46 | L99: 21.02 | M99: 22.82 | N99: 24.89 | O99: 27.27 | P99: 30

Sheet Atk Speed Boosts
B1: X-Atk | C1: 25
B2: Muscle Band | C2: 8.75
B3: Rapid Fire Scarf | C3: 10.5
B4: RFS Proc | C4: 25
B5: Choice Scarf | C5: 8.75
B6: Red 3 | C6: 2
B7: Red 5 | C7: 4
B8: Red 7 | C8: 8
B9: Blissey Helping Hand | C9: 30
B10: Mew Coaching | C10: 40
A11: Absol | B11: Feint | C11: 60
A12: Absol | B12: Night Slash | C12: 60
A13: Absol | B13: Sucker Punch+ | C13: 40
A14: Aegislash | B14: Sword Stance | C14: 15
A15: Aegislash | B15: Shield Stance | C15: -20
A16: Aegislash | B16: Stance Change | C16: 15
A17: Alcremie | B17: -
A18: Armarouge | B18: -
A19: Articuno | B19: -
A20: Azumarill | B20: Aqua Tail | C20: 20
A21: Blastoise | B21: -
A22: Blaziken | B22: Punch Style | C22: 40
A23: Blissey | B23: -
A24: Buzzwole | B24: Beast Boost Assist | C24: 25
A25: Buzzwole | B25: Beast Boost KO | C25: 50
A26: Buzzwole | B26: Lunge | C26: 30
A27: Ceruledge | B27: Take Down | C27: 20
A28: Ceruledge | B28: Flame Charge | C28: 30
A29: Chandelure | B29: -
A30: Charizard | B30: -
A31: Charizard [Mega X] | B31: -
A32: Charizard [Mega Y] | B32: -
A33: Cinderace | B33: Blaze | C33: 20
A34: Cinderace | B34: Blaze Kick+ | C34: 45
A35: Cinderace | B35: Unite Buff | C35: 35
A36: Clefable | B36: -
A37: Comfey | B37: -
A38: Cramorant | B38: -
A39: Crustle | B39: -
A40: Darkrai | B40: -
A41: Decidueye | B41: Auto Attack | C41: 3 | D41: up to x4
A42: Decidueye | B42: Leafage | C42: 25
A43: Decidueye | B43: Razor Leaf | C43: 40 | D43: 1 | E43: per level
A44: Delphox | B44: -
A45: Dhelmise | B45: -
A46: Dodrio | B46: -
A47: Dragapult | B47: Quick Attack | C47: 40
A48: Dragapult | B48: Dragon Dance | C48: 200
A49: Dragapult | B49: Phantom Force | C49: 85
A50: Dragonite | B50: Dragon Dance | C50: 80
A51: Dragonite | B51: Outrage | C51: 35
A52: Dragonite | B52: Unite Buff | C52: 35
A53: Duraludon | B53: Flash Cannon | C53: 100 | D53: decays 20 per second
A54: Duraludon | B54: Unite Buff | C54: 35
A55: Eldegoss | B55: -
A56: Empoleon | B56: Aqua Jet | C56: 40
A57: Espeon | B57: -
A58: Falinks | B58: Bulk Up | C58: 25
A59: Feraligatr | B59: Crunch | C59: 140
A60: Feraligatr | B60: Unite Buff | C60: 35
A61: Garchomp | B61: Boosted Attack | C61: 28 | D61: 3 | E61: per level
A62: Garchomp | B62: Sand Attack | C62: 30
A63: Gardevoir | B63: -
A64: Gengar | B64: -
A65: Glaceon | B65: Eevee Bond | C65: 1
A66: Glaceon | B66: Ice Shard | C66: 60
A67: Glaceon | B67: Ice Shard+ | C67: 100
A68: Glaceon | B68: Unite Buff | C68: 35
A69: Goodra | B69: -
A70: Greedent | B70: -
A71: Greninja | B71: Unite Buff | C71: 35
A72: Gyarados | B72: Evolution | C72: 40
A73: Gyarados | B73: Dragon Breath | C73: 30 | D73: 10 | E73: up to x2
A74: Gyarados [Mega] | B74: Evolution | C74: 40
A75: Gyarados [Mega] | B75: Dragon Breath | C75: 30 | D75: 10 | E75: up to x2
A76: Ho-Oh | B76: -
A77: Hoopa | B77: -
A78: Inteleon | B78: Unite Buff | C78: 35
A79: Lapras | B79: -
A80: Latias | B80: -
A81: Latios | B81: -
A82: Leafeon | B82: -
A83: Lucario | B83: -
A84: Lucario [Mega] | B84: -
A85: Machamp | B85: Bulk Up | C85: 15
A86: Machamp | B86: Submission | C86: 40
A87: Machamp | B87: Submission+ | C87: 50
A88: Machamp | B88: Unite Buff | C88: 35
A89: Mamoswine | B89: -
A90: Meganium | B90: -
A91: Meowscarada | B91: Hone Claws | C91: 80
A92: Meowscarada | B92: Trail Blaze | C92: 100
A93: Meowth | B93: -
A94: Metagross | B94: -
A95: Mew | B95: -
A96: Mewtwo X | B96: -
A97: Mewtwo Y | B97: Pressure | C97: 3 | D97: up to x10
A98: Mewtwo Y | B98: Mega Evolution | C98: 35
A99: Mimikyu | B99: -
A100: Miraidon | B100: -
...

Sheet Dropdowns
A1: 0 | C1: Slot 1 I6 | D1: Slot 2 I7 | E1: Slot 3 I8 | F1: Slot 4 I9 | G1: Slot 5 I10 | H1: Slot 6 I11 | I1: Slot 7 I12
A2: 1 | C2: {=IF('Atk Speed Calc'!$I$9="Auto Attack",A2:A5,0)+IF('Atk Speed Calc'!$I$9="Flash Cannon",A1:A5,0)+IF('Atk Speed Calc'!$I$9="Pressure",A2:A11,0)+IF('Atk Speed Calc'!$I$9="Triple Axel",A2:A4,0)+IF('Atk Speed Calc'!$I$9="Fighter Mode",A2:A3,0)} -> 1 | D2: {=IF('Atk Speed Calc'!$I$10="Dragon Breath",A1:A3,0)} -> 0 | E2: 0 | F2: 0 | G2: 0 | H2: 0 | I2: 0
A3: 2 | C3: 2
A4: 3 | C4: 3
A5: 4 | C5: 4
A6: 5 | C6: 5
A7: 6 | C7: 6
A8: 7 | C8: 7
A9: 8 | C9: 8
A10: 9 | C10: 9
A11: 10 | C11: 10
